SALE TYPE,SOLD DATE,PROPERTY TYPE,ADDRESS,CITY,STATE OR PROVINCE,ZIP OR POSTAL CODE,PRICE,BEDS,BATHS,LOCATION,SQUARE FEET,LOT SIZE,YEAR BUILT,DAYS ON MARKET,$/SQUARE FEET,HOA/MONTH,STATUS,NEXT OPEN HOUSE START TIME,NEXT OPEN HOUSE END TIME,URL (SEE https://www.redfin.com/buy-a-home/comparative-market-analysis FOR INFO ON PRICING),SOURCE,MLS#,FAVORITE,INTERESTED,LATITUDE,LONGITUDE
"In accordance with local MLS rules, some MLS listings are not included in the download"
MLS Listing,,Single Family Residential,665 Eddy Rd,Cleveland,OH,44108,69000,3,1.0,Adams Realty Companys 04,1374,2674,1900,7,50,,Active,,,https://www.redfin.com/OH/Cleveland/665-Eddy-Rd-44108/home/70764582,MLSNOW,5142320,N,Y,41.5389749,-81.6005866
MLS Listing,,Multi-Family (2-4 Unit),11017 Notre Dame Ave,Cleveland,OH,44104,145000,5,2.0,Graham,1850,4159,1924,82,78,,Active,,,https://www.redfin.com/OH/Cleveland/11017-Notre-Dame-Ave-44104/home/70777370,MLSNOW,5112109,N,Y,41.4908001,-81.6075532
MLS Listing,,Multi-Family (2-4 Unit),1326 W 64th St,Cleveland,OH,44102,470000,5,2.0,Jacob B Perkins,2773,4199,1910,126,169,,Active,,,https://www.redfin.com/OH/Cleveland/1326-W-64th-St-44102/home/70720081,MLSNOW,5109038,N,Y,41.4862922,-81.7295565
MLS Listing,,Single Family Residential,14705 Alder Ave,East Cleveland,OH,44112,50000,5,1.5,Davis J Crocker Allotment,,5079,1916,1,,,Active,,,https://www.redfin.com/OH/Cleveland/14705-Alder-Ave-44112/home/66119518,MLSNOW,5144452,N,Y,41.5431288,-81.5787795
MLS Listing,,Single Family Residential,2028 W 104th St,Cleveland,OH,44102,89900,3,1.5,Cudell,1578,3955,1890,1,57,,Active,,,https://www.redfin.com/OH/Cleveland/2028-W-104th-St-44102/home/70723609,MLSNOW,5144441,N,Y,41.4761956,-81.7580592
MLS Listing,,Condo/Co-op,13415 Shaker Blvd Unit 8D2,Cleveland,OH,44120,400000,2,1.5,Moreland Courts,1724,,1925,1,232,1848,Active,,,https://www.redfin.com/OH/Cleveland/13415-Shaker-Blvd-44120/unit-8D2/home/66229760,MLSNOW,5143881,N,Y,41.4841974,-81.5887988
MLS Listing,,Single Family Residential,13606 Darley Ave,Cleveland,OH,44110,105000,3,1.0,Henry C Wick Sub,,4678,1925,1,,,Active,,,https://www.redfin.com/OH/Cleveland/13606-Darley-Ave-44110/home/70767527,MLSNOW,5144780,N,Y,41.5626826,-81.5882007
MLS Listing,,Single Family Residential,3872 E 154 St,Cleveland,OH,44128,100000,5,1.0,Cleveland,1844,5227,1928,1,54,,Active,,,https://www.redfin.com/OH/Cleveland/3872-E-154th-St-44128/home/66187372,MLSNOW,5144374,N,Y,41.4540408,-81.5733801
MLS Listing,,Vacant Land,Grand Division Ave,Garfield Heights,OH,44125,7200,,,Orchard Grove Allotment,,4878,,1,,,Active,,,https://www.redfin.com/OH/Cleveland/Grand-Division-Ave-44125/home/70915518,MLSNOW,5144783,N,Y,41.434381,-81.633354
MLS Listing,,Single Family Residential,2786 E 127th St,Cleveland,OH,44120,119900,3,1.0,William M Southerns Brugge Fa,1080,5161,1917,1,111,,Active,,,https://www.redfin.com/OH/Cleveland/2786-E-127th-St-44120/home/70783272,MLSNOW,5144734,N,Y,41.4823963,-81.5942316
MLS Listing,,Condo/Co-op,12581 Larchmere Blvd #1,Cleveland,OH,44120,415000,2,3.5,Larchmere Court Condos,1944,,2006,1,213,254,Active,,,https://www.redfin.com/OH/Cleveland/12581-Larchmere-Blvd-44120/unit-1/home/196752636,MLSNOW,5144710,N,Y,41.4881194,-81.5958565
MLS Listing,,Condo/Co-op,1260 4th St W #604,Cleveland,OH,44114,539000,2,2.0,Erie Bldg Lofts Condo,,2182,1900,1,,281,Active,,,https://www.redfin.com/OH/Cleveland/1260-W-4th-St-44113/unit-604/home/66168733,MLSNOW,5140395,N,Y,41.5009787,-81.6987637
MLS Listing,,Multi-Family (2-4 Unit),9710 Lamontier Ave,Cleveland,OH,44104,79900,4,2.0,Johnson Realty Companys,,4024,1918,1,,,Active,,,https://www.redfin.com/OH/Cleveland/9710-Lamontier-Ave-44104/home/70781876,MLSNOW,5144665,N,Y,41.4778586,-81.6170267
MLS Listing,,Single Family Residential,3786 E 151st St,Cleveland,OH,44128,138500,3,1.0,Shaker Heights Overlook Land Compa,,5318,1924,1,,,Active,,,https://www.redfin.com/OH/Cleveland/3786-E-151st-St-44128/home/70795876,MLSNOW,5144674,N,Y,41.4563432,-81.575816
MLS Listing,,Condo/Co-op,10301 Lake Ave #419,Cleveland,OH,44102,119900,1,1.0,West Chateau Condo,651,43,1960,1,184,397,Active,,,https://www.redfin.com/OH/Cleveland/10301-Lake-Ave-44102/unit-419/home/66431707,MLSNOW,5144307,N,Y,41.4855253,-81.7544133
MLS Listing,,Single Family Residential,2487 W 5th St,Cleveland,OH,44113,265000,2,1.5,Stone College,1140,4617,1920,1,232,,Active,,,https://www.redfin.com/OH/Cleveland/2487-W-5th-St-44113/home/66113695,MLSNOW,5144490,N,Y,41.4799679,-81.6800754
MLS Listing,,Multi-Family (2-4 Unit),3624 E 118th St,Cleveland,OH,44105,143500,6,2.0,Union Rice Resub,2004,5000,1920,1,72,,Active,,,https://www.redfin.com/OH/Cleveland/3624-E-118th-St-44105/home/70792479,MLSNOW,5144359,N,Y,41.4601704,-81.6009116
MLS Listing,,Multi-Family (2-4 Unit),1742 Clarkstone Rd,Cleveland,OH,44112,137900,4,2.0,Clara Hambrys Allotment,,4360,1915,1,,,Active,,,https://www.redfin.com/OH/Cleveland/1742-Clarkstone-Rd-44112/home/70772858,MLSNOW,5144284,N,Y,41.549985,-81.56329
MLS Listing,,Condo/Co-op,1260 W 4th St #402,Cleveland,OH,44113,325000,2,2.0,Erie Bldg Lofts Condo,,,1900,1,,179,Active,,,https://www.redfin.com/OH/Cleveland/1260-W-4th-St-44113/unit-402/home/70714143,MLSNOW,5144552,N,Y,41.5010363,-81.6988136
MLS Listing,,Townhouse,2280 City View Dr,Cleveland,OH,44113,495000,3,2.5,Bergen Village,1827,1219,2013,1,271,155,Active,,,https://www.redfin.com/OH/Cleveland/2280-City-View-Dr-44113/home/66277444,MLSNOW,5144542,N,Y,41.482787,-81.682916
MLS Listing,,Condo/Co-op,1951 W 26th St #507,Cleveland,OH,44113,259900,2,2.0,Fries & Schuele Condo,1296,,1919,1,201,799,Active,,,https://www.redfin.com/OH/Cleveland/1951-W-26th-St-44113/unit-507/home/70716666,MLSNOW,5142971,N,Y,41.4845543,-81.7045588
MLS Listing,,Multi-Family (2-4 Unit),1470 E 93rd St,Cleveland,OH,44106,110000,4,2.0,W J Crawford & Jas Parmelees,1852,4399,1900,1,59,,Active,,,https://www.redfin.com/OH/Cleveland/1470-E-93rd-St-44106/home/70760592,MLSNOW,5144231,N,Y,41.5163132,-81.6226094
MLS Listing,,Single Family Residential,13803 Mcelhattan Ave,Cleveland,OH,44110,148000,3,1.0,Henry C Wick,1580,4800,1913,1,94,,Active,,,https://www.redfin.com/OH/Cleveland/13803-McElhattan-Ave-44110/home/66252244,MLSNOW,5137750,N,Y,41.5654542,-81.5866379
MLS Listing,,Single Family Residential,5003 Louisa Ct,Cleveland,OH,44127,75000,4,1.0,Hecker,,3598,1900,1,,,Active,,,https://www.redfin.com/OH/Cleveland/5003-Louisa-Ct-44127/home/70777565,MLSNOW,5143332,N,Y,41.4776467,-81.6555114
MLS Listing,,Single Family Residential,565 Quilliams Rd,South Euclid,OH,44121,149900,3,1.5,Monticello,1718,7840,1962,1,87,,Active,,,https://www.redfin.com/OH/Cleveland/565-Quilliams-Rd-44121/home/66171191,MLSNOW,5143742,N,Y,41.5447879,-81.5460731
MLS Listing,,Single Family Residential,10818 Dixon Rd,Cleveland,OH,44111,154900,3,1.5,N Moses & S Days,1442,9600,1895,1,107,,Active,,,https://www.redfin.com/OH/Cleveland/10818-Dixon-Rd-44111/home/70743424,MLSNOW,5144406,N,Y,41.4490436,-81.7618037
MLS Listing,,Multi-Family (2-4 Unit),9518 Kolar Ave,Cleveland,OH,44104,50000,4,2.0,Frank Kyselas,1400,2914,1900,1,36,,Active,,,https://www.redfin.com/OH/Cleveland/9518-Kolar-Ave-44104/home/70779977,MLSNOW,5144249,N,Y,41.4809959,-81.6198413
MLS Listing,,Single Family Residential,14733 Harley Ave,Cleveland,OH,44111,250000,3,2.0,Gillen Companys 02,1348,4861,1949,1,185,,Active,August-3-2025 01:00 PM,August-3-2025 03:00 PM,https://www.redfin.com/OH/Cleveland/14733-Harley-Ave-44111/home/66216467,MLSNOW,5144157,N,Y,41.4617667,-81.7996823
MLS Listing,,Single Family Residential,6703 Claasen Ave,Cleveland,OH,44105,95000,3,1.0,Morrison & Andrews,1104,4369,1910,1,86,,Active,,,https://www.redfin.com/OH/Cleveland/6703-Claasen-Ave-44105/home/70787361,MLSNOW,5143489,N,Y,41.4471582,-81.643032
MLS Listing,,Single Family Residential,9208 Columbia Ave,Cleveland,OH,44108,99900,3,1.0,W J & R Crawford & W Crawford,1433,3288,1918,1,70,,Active,,,https://www.redfin.com/OH/Cleveland/9208-Columbia-Ave-44108/home/66542835,MLSNOW,5144391,N,Y,41.5312072,-81.623281
MLS Listing,,Single Family Residential,6008 W Clinton Ave,Cleveland,OH,44102,410000,3,2.5,Rhodes & Coffinberrys Allotme,1790,5401,1910,1,229,,Active,August-2-2025 01:00 PM,August-2-2025 03:00 PM,https://www.redfin.com/OH/Cleveland/6008-W-Clinton-Ave-44102/home/66271399,MLSNOW,5142581,N,Y,41.4839732,-81.7279228
MLS Listing,,Multi-Family (2-4 Unit),3512 W 98th St,Cleveland,OH,44102,169500,5,2.0,Den,2558,5641,1924,1,66,,Active,,,https://www.redfin.com/OH/Cleveland/3512-W-98th-St-44102/home/70740730,MLSNOW,5144067,N,Y,41.4581236,-81.751466
MLS Listing,,Single Family Residential,5000 Behrwald Ave,Cleveland,OH,44144,210000,4,3.0,Brooklyn Ridge,1350,5641,1952,1,156,,Active,,,https://www.redfin.com/OH/Cleveland/5000-Behrwald-Ave-44144/home/66207122,MLSNOW,5143838,N,Y,41.4323268,-81.7211547
MLS Listing,,Condo/Co-op,1237 Washington Ave #507,Cleveland,OH,44113,299900,2,2.0,Stonebridge Plaza,1253,,2007,1,239,587,Active,,,https://www.redfin.com/OH/Cleveland/1237-Washington-Ave-44113/unit-507/home/101104628,MLSNOW,5144003,N,Y,41.4950222,-81.7046028
MLS Listing,,Vacant Land,White Ave,Cleveland,OH,44103,13500,,,White Manufacturing Companys,,6625,,1,,,Active,,,https://www.redfin.com/OH/Cleveland/White-Ave-44103/home/70757424,MLSNOW,5144301,N,Y,41.514287,-81.647787
MLS Listing,,Vacant Land,4155 E 111th St,Cleveland,OH,44105,7750,,,Miles Ave Sub/Mills & Frisbie,,5118,,1,,,Active,,,https://www.redfin.com/OH/Cleveland/4155-E-111th-St-44105/home/70791803,MLSNOW,5144286,N,Y,41.4459755,-81.6073454
MLS Listing,,Single Family Residential,1512 Granby Ave,Cleveland,OH,44109,129900,2,1.0,Sh Kleinman Realty,825,3998,1914,1,157,,Active,,,https://www.redfin.com/OH/Cleveland/1512-Granby-Ave-44109/home/70728565,MLSNOW,5144269,N,Y,41.4422933,-81.6917901
MLS Listing,,Multi-Family (2-4 Unit),3196 W 43rd St,Cleveland,OH,44109,259000,5,2.0,Cleveland,2136,8232,1890,1,121,,Active,,,https://www.redfin.com/OH/Cleveland/3196-W-43rd-St-44109/home/70726793,MLSNOW,5144114,N,Y,41.466904,-81.7155349
MLS Listing,,Single Family Residential,3930 E 53rd St,Newburgh Heights,OH,44105,149900,3,1.5,Newburgh Heights,1270,4791,1956,1,118,,Active,,,https://www.redfin.com/OH/Newburgh-Heights/3930-E-53rd-St-44105/home/66206873,MLSNOW,5144178,N,Y,41.4510149,-81.6533589
MLS Listing,,Single Family Residential,1107 Spring Rd,Cleveland,OH,44109,218000,3,1.0,Spring Road,1162,5980,1924,1,188,,Active,,,https://www.redfin.com/OH/Cleveland/1107-Spring-Rd-44109/home/70729129,MLSNOW,5143935,N,Y,41.4345353,-81.687961
MLS Listing,,Single Family Residential,17001 Sedalia Ave,Cleveland,OH,44135,239900,3,1.0,Conger-Helper Realty Companys,1566,5301,1952,1,153,,Active,,,https://www.redfin.com/OH/Cleveland/17001-Sedalia-Ave-44135/home/66449575,MLSNOW,5143775,N,Y,41.4422806,-81.8161456
MLS Listing,,Multi-Family (2-4 Unit),3358 E 145th St,Cleveland,OH,44120,153500,4,2.0,Crawford Woodhill,2412,5998,1927,1,64,,Active,,,https://www.redfin.com/OH/Cleveland/3358-E-145th-St-44120/home/70784962,MLSNOW,5143847,N,Y,41.4682374,-81.5812408
MLS Listing,,Single Family Residential,2190 E 85th St,Cleveland,OH,44106,60000,6,2.0,Newcomb,2282,3162,1900,1,26,,Active,,,https://www.redfin.com/OH/Cleveland/2190-E-85th-St-44106/home/66593808,MLSNOW,5143745,N,Y,41.4986758,-81.6279991
MLS Listing,,Single Family Residential,19207 Kings Hwy,Warrensville Heights,OH,44122,175000,3,1.0,Lander Homestead Allotment,1176,11600,1948,1,149,,Active,,,https://www.redfin.com/OH/Warrensville-Heights/19207-Kings-Hwy-44122/home/71059715,MLSNOW,5143760,N,Y,41.4519521,-81.5443001
MLS Listing,,Condo/Co-op,7320 Park Place Ct,Cleveland,OH,44102,590000,2,2.5,Park Place at Battery Park,1676,,2022,1,352,202,Active,August-3-2025 01:00 PM,August-3-2025 03:00 PM,https://www.redfin.com/OH/Cleveland/7320-Park-Place-Ct-44102/home/190599214,MLSNOW,5141970,N,Y,41.487251,-81.735334
MLS Listing,,Single Family Residential,12502 Leeila Ave,Cleveland,OH,44135,125000,2,1.0,Domal Land Companys,,4482,1954,1,,,Active,,,https://www.redfin.com/OH/Cleveland/12502-Leeila-Ave-44135/home/70743709,MLSNOW,5144102,N,Y,41.4413569,-81.7753024
MLS Listing,,Condo/Co-op,2030 Euclid Ave #201,Cleveland,OH,44115,260000,2,2.0,University Lofts Condo,1430,,2009,2,182,501,Active,,,https://www.redfin.com/OH/Cleveland/2030-Euclid-Ave-44115/unit-201/home/66214755,MLSNOW,5144042,N,Y,41.5013492,-81.6760212
MLS Listing,,Single Family Residential,2645 E 111th St,Cleveland,OH,44104,230000,3,1.5,Barbara & Albert Stastnys Sub,1280,8712,1997,2,180,,Active,,,https://www.redfin.com/OH/Cleveland/2645-E-111th-St-44104/home/70781080,MLSNOW,5135714,N,Y,41.4870149,-81.607796
MLS Listing,,Multi-Family (2-4 Unit),915 Eddy Rd,Cleveland,OH,44108,250000,8,4.0,Elworthy-Helwick Cos Forest Hil,3840,4007,1920,2,65,,Active,,,https://www.redfin.com/OH/Cleveland/915-Eddy-Rd-44108/home/66566869,MLSNOW,5144016,N,Y,41.5327487,-81.5968867
MLS Listing,,Multi-Family (2-4 Unit),1030 Wheelock Rd,Cleveland,OH,44103,135000,6,2.0,Zonas Kings Allotment,,4499,1910,2,,,Active,,,https://www.redfin.com/OH/Cleveland/1030-Wheelock-Rd-44103/home/70759793,MLSNOW,5144012,N,Y,41.5270945,-81.6288759
MLS Listing,,Single Family Residential,5008 Mcbride Ave,Cleveland,OH,44127,90000,3,1.0,Sheldon,,3510,1880,2,,,Active,,,https://www.redfin.com/OH/Cleveland/5008-McBride-Ave-44127/home/66190544,MLSNOW,5143911,N,Y,41.4690845,-81.6558272
MLS Listing,,Single Family Residential,4306 W 137th St,Cleveland,OH,44135,119900,2,1.0,Liberty 05,,5623,1941,2,,,Active,,,https://www.redfin.com/OH/Cleveland/4306-W-137th-St-44135/home/66220433,MLSNOW,5138816,N,Y,41.4370831,-81.7874764
MLS Listing,,Single Family Residential,3056 W 115th St,Cleveland,OH,44111,255000,4,2.5,Cleveland,1780,3850,1917,2,143,,Active,,,https://www.redfin.com/OH/Cleveland/3056-W-115th-St-44111/home/70723187,MLSNOW,5142623,N,Y,41.4692504,-81.7669823
MLS Listing,,Single Family Residential,1318 E 188th St,Cleveland,OH,44110,79900,3,1.0,Moses,1073,6721,1905,2,74,,Active,,,https://www.redfin.com/OH/Cleveland/1318-E-188th-St-44110/home/66412868,MLSNOW,5141930,N,Y,41.5710709,-81.5476643
MLS Listing,,Single Family Residential,894 London,Cleveland,OH,44119,130000,3,2.0,Cleveland,,6534,1959,2,,,Active,,,https://www.redfin.com/OH/Cleveland/894-London-Rd-44110/home/70771810,MLSNOW,5143965,N,Y,41.5569967,-81.563935
MLS Listing,,Multi-Family (2-4 Unit),4014 E 54th St,Newburgh Heights,OH,44105,77900,6,3.0,East 55th Street Ext,1888,4800,1910,2,41,,Active,,,https://www.redfin.com/OH/Newburgh-Heights/4014-E-54th-St-44105/home/66589633,MLSNOW,5143941,N,Y,41.4490316,-81.6522932
MLS Listing,,Single Family Residential,13514 Carrington Ave,Cleveland,OH,44135,119900,3,1.0,Settlement Road,,4791,1948,2,,,Active,,,https://www.redfin.com/OH/Cleveland/13514-Carrington-Ave-44135/home/66134952,MLSNOW,5143900,N,Y,41.4277548,-81.7854937
MLS Listing,,Multi-Family (2-4 Unit),10411 Parkgate Ave,Cleveland,OH,44108,15000,5,3.0,Superior Park,,3519,1911,2,,,Active,,,https://www.redfin.com/OH/Cleveland/10411-Parkgate-Ave-44108/home/70762702,MLSNOW,5143869,N,Y,41.5287416,-81.6160182
MLS Listing,,Single Family Residential,3823 E 54th St,Cleveland,OH,44105,94900,4,1.0,Barkwill & Jackson,1232,3502,1910,2,77,,Active,,,https://www.redfin.com/OH/Cleveland/3823-E-54th-St-44105/home/70786787,MLSNOW,5143171,N,Y,41.4540825,-81.6517161
MLS Listing,,Single Family Residential,4425 E 144th St,Cleveland,OH,44128,79900,2,1.0,Continental Park Sub,700,4521,1952,2,114,,Active,,,https://www.redfin.com/OH/Cleveland/4425-E-144th-St-44128/home/70794966,MLSNOW,5143145,N,Y,41.4393018,-81.5805149
MLS Listing,,Single Family Residential,12613 Revere Ave,Cleveland,OH,44105,60000,2,1.0,North Corlett Allotment,,5362,1923,2,,,Active,,,https://www.redfin.com/OH/Cleveland/12613-Revere-Ave-44105/home/66129040,MLSNOW,5143787,N,Y,41.454956,-81.5944342
MLS Listing,,Single Family Residential,3000 Oak Park Ave,Cleveland,OH,44109,199000,4,2.5,Oak Park Allotment,1832,5039,1929,2,109,,Active,,,https://www.redfin.com/OH/Cleveland/3000-Oak-Park-Ave-44109/home/70731468,MLSNOW,5143567,N,Y,41.4268252,-81.7052749
MLS Listing,,Multi-Family (2-4 Unit),5101 Herman Ave,Cleveland,OH,44102,309900,6,3.0,S S Stones,2066,3301,1920,3,150,,Active,,,https://www.redfin.com/OH/Cleveland/5101-Herman-Ave-44102/home/70721363,MLSNOW,5142169,N,Y,41.4878953,-81.7222833
MLS Listing,,Single Family Residential,3905 Jo Ann Dr,Cleveland,OH,44128,129900,3,1.5,Cleveland,1212,5357,1953,3,107,,Active,,,https://www.redfin.com/OH/Cleveland/3905-Jo-Ann-Dr-44122/home/66430993,MLSNOW,5142482,N,Y,41.4534656,-81.5497153
MLS Listing,,Single Family Residential,3351 E 65th St,Cleveland,OH,44127,68000,3,1.0,Jabosh Galupps,1140,5000,1920,3,60,,Active,,,https://www.redfin.com/OH/Cleveland/3351-E-65th-St-44127/home/70778940,MLSNOW,5143731,N,Y,41.4672298,-81.6448286
MLS Listing,,Single Family Residential,13804 Rexwood Ave,Garfield Heights,OH,44105,129900,2,1.0,Cranwood Land Companys 03,1149,4961,1929,3,113,,Active,,,https://www.redfin.com/OH/Garfield-Heights/13804-Rexwood-Ave-44105/home/66156448,MLSNOW,5142426,N,Y,41.4364219,-81.5858431
MLS Listing,,Single Family Residential,12822 Ferris Ave,Cleveland,OH,44105,100000,3,1.0,Fowler Crichley & Corletts Su,1368,5680,1904,3,73,,Active,,,https://www.redfin.com/OH/Cleveland/12822-Ferris-Ave-44105/home/66222467,MLSNOW,5143649,N,Y,41.447923,-81.5929653
MLS Listing,,Single Family Residential,1177 Norwood Rd,Cleveland,OH,44103,200000,4,2.0,Abbey & J P Kilfoyles Sub,1452,1799,1895,3,138,,Active,,,https://www.redfin.com/OH/Cleveland/1177-Norwood-Rd-44103/home/66151872,MLSNOW,5142345,N,Y,41.5217821,-81.6460649
MLS Listing,,Multi-Family (2-4 Unit),2977 E 66th St,Cleveland,OH,44127,69900,4,2.0,White,,2308,1952,3,,,Active,,,https://www.redfin.com/OH/Cleveland/2977-E-66th-St-44127/home/66580558,MLSNOW,5142391,N,Y,41.4774407,-81.6442689
MLS Listing,,Single Family Residential,4080 E 187th St,Cleveland,OH,44122,155000,3,2.0,Cowan Allotment,,5941,1950,3,,,Active,,,https://www.redfin.com/OH/Cleveland/4080-E-187th-St-44122/home/66277153,MLSNOW,5143606,N,Y,41.4487426,-81.5486323
MLS Listing,,Single Family Residential,1452 Clermont Rd,Cleveland,OH,44110,80000,3,1.0,Saint Clair Heights,,3280,1928,3,,,Active,,,https://www.redfin.com/OH/Cleveland/1452-Clermont-Rd-44110/home/66176054,MLSNOW,5143502,N,Y,41.5677314,-81.5519146
MLS Listing,,Single Family Residential,1011 E 72nd St,Cleveland,OH,44103,97500,5,1.0,Halle,,2700,1910,3,,,Active,,,https://www.redfin.com/OH/Cleveland/1011-E-72nd-St-44103/home/66391931,MLSNOW,5143324,N,Y,41.5274997,-81.6382159
MLS Listing,,Single Family Residential,3643 W 39th St,Cleveland,OH,44109,75000,3,1.0,Cleveland,1083,3484,1909,3,69,,Active,,,https://www.redfin.com/OH/Cleveland/3643-W-39th-St-44109/home/66410861,MLSNOW,5143572,N,Y,41.454924,-81.7101797
MLS Listing,,Multi-Family (2-4 Unit),2931 E 126th St,Cleveland,OH,44120,159000,4,2.0,Wain Rice Heights,1408,7000,1920,3,113,,Active,,,https://www.redfin.com/OH/Cleveland/2931-E-126th-St-44120/home/66578003,MLSNOW,5143358,N,Y,41.4790689,-81.594629
MLS Listing,,Single Family Residential,11617 Ely,Cleveland,OH,44120,85000,3,1.0,Cleveland,,4356,1925,3,,,Active,,,https://www.redfin.com/OH/Cleveland/11617-Ely-Ave-44120/home/70784368,MLSNOW,5143568,N,Y,41.471714,-81.6021141
MLS Listing,,Multi-Family (2-4 Unit),8027 Grand Division Ave,Cleveland,OH,44125,179900,4,2.0,David & Judsons Allotment,,6176,1958,3,,,Active,,,https://www.redfin.com/OH/Cleveland/8027-Grand-Division-Ave-44125/home/66567562,MLSNOW,5143531,N,Y,41.4343964,-81.6299011
MLS Listing,,Single Family Residential,7003 Park Ave,Cleveland,OH,44105,87900,3,1.0,Cleveland,1066,4356,1920,3,82,,Active,,,https://www.redfin.com/OH/Cleveland/7003-Park-Ave-44105/home/66116780,CBRMLS,225028028,N,Y,41.4456525,-81.6402022
MLS Listing,,Multi-Family (2-4 Unit),3753 W 117th St,Cleveland,OH,44111,174900,4,2.0,Kensington Gardens,1319,4800,1952,3,133,,Active,,,https://www.redfin.com/OH/Cleveland/3753-W-117th-St-44111/home/70743084,MLSNOW,5137854,N,Y,41.4508352,-81.7687173
MLS Listing,,Multi-Family (2-4 Unit),8022 Cedar Ave,Cleveland,OH,44103,87000,8,2.0,Curtiss Ambler Realty Cos,3918,6159,1910,3,22,,Active,,,https://www.redfin.com/OH/Cleveland/8022-Cedar-Ave-44103/home/70775124,MLSNOW,5139216,N,Y,41.4998889,-81.6319259
MLS Listing,,Multi-Family (2-4 Unit),5621 Flowerdale Ave,Cleveland,OH,44144,339900,6,4.0,Pearl-Rdg,2534,7217,1906,3,134,,Active,,,https://www.redfin.com/OH/Cleveland/5621-Flowerdale-Ave-44144/home/70733243,MLSNOW,5142507,N,Y,41.4234385,-81.725587
MLS Listing,,Multi-Family (2-4 Unit),3653 W 46th St,Cleveland,OH,44102,145000,4,2.0,Hardy,1944,3484,1900,3,75,,Active,,,https://www.redfin.com/OH/Cleveland/3653-W-46th-St-44102/home/70739512,MLSNOW,5143082,N,Y,41.454835,-81.7181839
MLS Listing,,Multi-Family (2-4 Unit),9500 Cardwell Ave,Cleveland,OH,44105,135000,4,2.0,Stewart,1468,10950,1925,3,92,,Active,,,https://www.redfin.com/OH/Cleveland/9500-Cardwell-Ave-44105/home/70789404,MLSNOW,5142989,N,Y,41.4347701,-81.6174033
MLS Listing,,Single Family Residential,4490 Broadale Rd,Cleveland,OH,44109,179900,3,1.0,Cleveland,1227,4791,1920,3,147,,Active,August-3-2025 01:00 PM,August-3-2025 03:00 PM,https://www.redfin.com/OH/Cleveland/4490-Broadale-Rd-44109/home/66411084,MLSNOW,5139890,N,Y,41.4337501,-81.6927057
MLS Listing,,Single Family Residential,4278 Warner Rd,Cleveland,OH,44105,109000,4,1.0,Stanley & Adams,1446,6960,1900,4,75,,Active,,,https://www.redfin.com/OH/Cleveland/4278-Warner-Rd-44105/home/70788692,MLSNOW,5143186,N,Y,41.4432012,-81.6257767
MLS Listing,,Single Family Residential,1027 E 148th St,Cleveland,OH,44110,69900,3,1.0,Ambler Realty Co,1240,3040,1920,4,56,,Active,,,https://www.redfin.com/OH/Cleveland/1027-E-148th-St-44110/home/66413250,MLSNOW,5143296,N,Y,41.5512492,-81.5783006
MLS Listing,,Multi-Family (2-4 Unit),1726 Starkweather Ave,Cleveland,OH,44113,299999,4,2.0,Alfred Kelloggs,,2356,1877,4,,,Active,,,https://www.redfin.com/OH/Cleveland/1726-Starkweather-Ave-44113/home/66453489,MLSNOW,5143341,N,Y,41.4773679,-81.6956172
MLS Listing,,Single Family Residential,4313 E 116th St,Cleveland,OH,44108,85000,5,2.5,Bishop-Hoyt Allotment,1414,8001,1920,4,60,,Active,,,https://www.redfin.com/OH/Cleveland/4313-E-116th-St-44105/home/66139526,MLSNOW,5143350,N,Y,41.4419802,-81.6025752
MLS Listing,,Single Family Residential,4492 W 170th St,Cleveland,OH,44135,170000,3,1.0,Maplewood Sub/E R Cowins,1131,3994,1953,4,150,,Active,,,https://www.redfin.com/OH/Cleveland/4492-W-170th-St-44135/home/66381657,MLSNOW,5143335,N,Y,41.4325522,-81.8163495
MLS Listing,,Multi-Family (2-4 Unit),11103 Notre Dame Ave,Cleveland,OH,44104,50000,4,2.0,Graham-Scofields Allotment,,4159,1924,4,,,Active,,,https://www.redfin.com/OH/Cleveland/11103-Notre-Dame-Ave-44104/home/70777710,MLSNOW,5141335,N,Y,41.490663,-81.6072834
MLS Listing,,Single Family Residential,1704 Tarlton Ave,Cleveland,OH,44109,195000,3,2.0,Vassar Park,1248,3998,1900,4,156,,Active,,,https://www.redfin.com/OH/Cleveland/1704-Tarlton-Ave-44109/home/70728393,MLSNOW,5143303,N,Y,41.4409633,-81.6932741
MLS Listing,,Single Family Residential,2173 W 98th St,Cleveland,OH,44102,119000,4,1.0,Marvin,1792,5998,1900,4,66,,Active,,,https://www.redfin.com/OH/Cleveland/2173-W-98th-St-44102/home/66253560,MLSNOW,5143304,N,Y,41.4722667,-81.7506973
MLS Listing,,Single Family Residential,13613 Bartlett Ave,Cleveland,OH,44120,114900,4,1.5,Bartlett Homestead 02/Frie,1470,5601,1923,5,78,,Active,,,https://www.redfin.com/OH/Cleveland/13613-Bartlett-Ave-44120/home/70793056,MLSNOW,5143117,N,Y,41.4576699,-81.5878518
MLS Listing,,Multi-Family (2-4 Unit),16215 Huntmere Ave,Cleveland,OH,44110,127900,4,2.0,Walworth,,4800,1920,5,,,Active,,,https://www.redfin.com/OH/Cleveland/16215-Huntmere-Ave-44110/home/66567163,MLSNOW,5143276,N,Y,41.5742988,-81.5668771
MLS Listing,,Multi-Family (2-4 Unit),2280 W 10th St,Cleveland,OH,44113,744000,4,3.0,Pelton & Jennings Allotment,2206,1877,1910,5,337,,Active,,,https://www.redfin.com/OH/Cleveland/2280-W-10th-St-44113/home/196623466,MLSNOW,5142820,N,Y,41.480771,-81.6877875
MLS Listing,,Multi-Family (2-4 Unit),3582 E 154th St,Cleveland,OH,44120,184900,6,2.0,Shaker Overlook Land Cos,2670,5985,1925,5,69,,Active,,,https://www.redfin.com/OH/Cleveland/3582-E-154th-St-44120/home/70796260,MLSNOW,5143224,N,Y,41.462093,-81.57351
MLS Listing,,Multi-Family (2-4 Unit),6917 Worley Ave,Cleveland,OH,44105,199900,6,4.0,Cleveland,4461,5601,1910,5,45,,Active,,,https://www.redfin.com/OH/Cleveland/6917-Worley-Ave-44105/home/66567059,MLSNOW,5139806,N,Y,41.4519494,-81.6405314
MLS Listing,,Single Family Residential,9409 Manor Ave,Cleveland,OH,44104,76950,4,1.5,Mount Auburn Manor,,181240,1970,5,,,Active,,,https://www.redfin.com/OH/Cleveland/9409-Manor-Ave-44104/home/188542295,MLSNOW,5118926,N,Y,41.475649,-81.619759
MLS Listing,,Single Family Residential,3753 W 139th St,Cleveland,OH,44111,118000,2,1.0,Great Western,749,5601,1900,5,158,,Active,,,https://www.redfin.com/OH/Cleveland/3753-W-139th-St-44111/home/70746458,MLSNOW,5143207,N,Y,41.4509503,-81.7887815
MLS Listing,,Single Family Residential,3085 W 137th St,Cleveland,OH,44111,279900,3,2.0,Fischer Blvd Estates,,4948,1942,5,,,Active,,,https://www.redfin.com/OH/Cleveland/3085-W-137th-St-44111/home/66185258,MLSNOW,5141838,N,Y,41.4692406,-81.7863899
MLS Listing,,Single Family Residential,12506 Dove Ave,Cleveland,OH,44105,129900,4,1.5,Corlett Realty Companys Sub,,4800,1925,6,,,Active,,,https://www.redfin.com/OH/Cleveland/12506-Dove-Ave-44105/home/70793739,MLSNOW,5143181,N,Y,41.4521904,-81.5952649
MLS Listing,,Single Family Residential,4715 W 146th St,Cleveland,OH,44135,129900,2,1.0,Glenmore Gardens,728,4878,1948,6,178,,Active,,,https://www.redfin.com/OH/Cleveland/4715-W-146th-St-44135/home/66393517,MLSNOW,5143143,N,Y,41.426321,-81.7970819
MLS Listing,,Single Family Residential,4176 W 143rd St,Cleveland,OH,44135,120723,3,1.0,Workmens,784,6011,1943,6,154,,Active,,,https://www.redfin.com/OH/Cleveland/4176-W-143rd-St-44135/home/66472567,MLSNOW,5143161,N,Y,41.440875,-81.7941594
MLS Listing,,Multi-Family (2-4 Unit),973 Ida Ave,Cleveland,OH,44103,119900,4,2.0,W H Lawrences Allotment,1842,3850,1920,6,65,,Active,,,https://www.redfin.com/OH/Cleveland/973-Ida-Ave-44103/home/70759996,MLSNOW,5143162,N,Y,41.5286808,-81.631449
MLS Listing,,Multi-Family (2-4 Unit),4073 E 64th St,Cleveland,OH,44105,175000,5,2.0,Atwater,,4059,1925,6,,,Active,,,https://www.redfin.com/OH/Cleveland/4073-E-64th-St-44105/home/70787507,MLSNOW,5141386,N,Y,41.4471438,-81.6450933
MLS Listing,,Multi-Family (2-4 Unit),3467 E 142nd St,Cleveland,OH,44120,149900,6,2.0,Shaker Overlook,,5985,1920,6,,,Active,,,https://www.redfin.com/OH/Cleveland/3467-E-142nd-St-44120/home/66589334,MLSNOW,5143157,N,Y,41.4651984,-81.5831672
MLS Listing,,Multi-Family (2-4 Unit),14013 Glenside Rd,Cleveland,OH,44110,145000,4,2.0,Wilsons New Glenside,,4438,1918,6,,,Active,,,https://www.redfin.com/OH/Cleveland/14013-Glenside-Rd-44110/home/66594169,MLSNOW,5143125,N,Y,41.5461019,-81.5846396
MLS Listing,,Single Family Residential,4311 Bailey Ave,Cleveland,OH,44113,425000,3,2.0,Bennett Allotment/S A Tylers,1720,2378,1890,6,247,,Active,,,https://www.redfin.com/OH/Cleveland/4311-Bailey-Ave-44113/home/70725882,MLSNOW,5138250,N,Y,41.4766936,-81.7162093
MLS Listing,,Condo/Co-op,882 Overlook Ridge Dr,Cleveland,OH,44109,185000,2,1.5,Lakeview Rdg Condo Ph #v,1066,238216,1996,6,174,248,Active,,,https://www.redfin.com/OH/Cleveland/882-Overlook-Ridge-Dr-44109/home/184183186,MLSNOW,5143087,N,Y,41.4397202,-81.6816657
MLS Listing,,Single Family Residential,2307 E 103rd St,Cleveland,OH,44106,125000,4,1.5,Cleveland,1253,3811,1920,6,100,,Active,,,https://www.redfin.com/OH/Cleveland/2307-E-103rd-St-44106/home/70777171,MLSNOW,5143093,N,Y,41.4951866,-81.6161058
MLS Listing,,Multi-Family (2-4 Unit),995 Nathaniel Rd,Cleveland,OH,44110,149000,5,3.0,St Clair Land Co S,2340,3990,1908,6,64,,Active,,,https://www.redfin.com/OH/Cleveland/995-Nathaniel-Rd-44110/home/66589187,MLSNOW,5143054,N,Y,41.5529664,-81.5694991
MLS Listing,,Condo/Co-op,13700 Shaker Blvd #210,Cleveland,OH,44120,155000,3,2.0,Shaker Courts Condo,1738,47,1941,6,89,1027,Active,,,https://www.redfin.com/OH/Cleveland/13700-Shaker-Blvd-44120/unit-210/home/66154837,MLSNOW,5137328,N,Y,41.4831207,-81.5864684
MLS Listing,,Single Family Residential,1728 Hillview,Cleveland,OH,44112,108599,4,1.0,John F Cavanaughs,1181,5318,1923,6,92,,Active,,,https://www.redfin.com/OH/Cleveland/1728-Hillview-Rd-44112/home/66157332,MLSNOW,5143077,N,Y,41.5551103,-81.556637
MLS Listing,,Townhouse,12666 Mayfield Rd,Cleveland Heights,OH,44106,995000,3,4.0,Alta Dev LLC,3819,3179,2003,6,261,350,Active,August-1-2025 11:30 AM,August-1-2025 01:00 PM,https://www.redfin.com/OH/Cleveland/12666-Mayfield-Rd-44106/home/66233887,MLSNOW,5142800,N,Y,41.5084893,-81.5946379
MLS Listing,,Single Family Residential,1609 Granby Ave,Cleveland,OH,44109,128000,3,1.5,Vasser Park 02,1140,7004,1934,6,112,,Active,,,https://www.redfin.com/OH/Cleveland/1609-Granby-Ave-44109/home/66229987,MLSNOW,5143010,N,Y,41.4419629,-81.6925864
MLS Listing,,Townhouse,1427 E 14th St,Cleveland,OH,44114,315000,2,2.5,Avenue District Townhomes,1705,836,2007,6,185,115,Active,,,https://www.redfin.com/OH/Cleveland/1427-E-14th-St-44114/home/68207772,MLSNOW,5142680,N,Y,41.5052405,-81.6846923
MLS Listing,,Condo/Co-op,1148 Prospect Ave E Unit B,Cleveland,OH,44115,1150000,2,2.5,Joshua E Hall Props Ltd Condo,2096,,1889,6,549,372,Active,August-3-2025 11:00 AM,August-3-2025 01:00 PM,https://www.redfin.com/OH/Cleveland/1148-Prospect-Ave-E-44115/unit-B/home/66380197,MLSNOW,5142977,N,Y,41.4991896,-81.6826087
MLS Listing,,Single Family Residential,3024 Vega Ave,Cleveland,OH,44113,279900,4,2.0,Hiram Stones Add,,4225,1890,6,,,Active,,,https://www.redfin.com/OH/Cleveland/3024-Vega-Ave-44113/home/66592290,MLSNOW,5142717,N,Y,41.4746726,-81.7025967
MLS Listing,,Multi-Family (2-4 Unit),4120 E 139th St,Cleveland,OH,44105,249000,4,2.0,Brockett Add,,5601,1920,6,,,Active,,,https://www.redfin.com/OH/Cleveland/4120-E-139th-St-44105/home/70794476,MLSNOW,5142669,N,Y,41.4470225,-81.5854813
MLS Listing,,Single Family Residential,17930 Rosecliff Rd,Cleveland,OH,44119,224900,4,2.5,Rosecliff/Lk Sub/F W Halls,2311,5619,1924,6,97,,Active,,,https://www.redfin.com/OH/Cleveland/17930-Rosecliff-Rd-44119/home/66187344,MLSNOW,5142236,N,Y,41.5930257,-81.5538205
MLS Listing,,Single Family Residential,18402 Edgerton Rd,Cleveland,OH,44119,139900,3,1.0,Kangesser Companys East Shr P,,4634,1930,6,,,Active,,,https://www.redfin.com/OH/Cleveland/18402-Edgerton-Rd-44119/home/70770232,MLSNOW,5142073,N,Y,41.584135,-81.5504359
MLS Listing,,Single Family Residential,3947 E 176th St,Cleveland,OH,44128,129900,3,1.0,Shaker View,,5401,1924,6,,,Active,,,https://www.redfin.com/OH/Cleveland/3947-E-176th-St-44128/home/66144156,MLSNOW,5142029,N,Y,41.4517097,-81.5561076
MLS Listing,,Condo/Co-op,1262 W 74th St,Cleveland,OH,44102,409000,2,2.5,Battery Park Twnhms Condo Prcl 03,1616,43,2009,6,253,482,Active,,,https://www.redfin.com/OH/Cleveland/1262-W-74th-St-44102/home/187984183,MLSNOW,5141875,N,Y,41.4864248,-81.7357076
MLS Listing,,Single Family Residential,521 E 109th St,Cleveland,OH,44108,39900,3,1.5,William Amblers Sub,,4800,1913,6,,,Active,,,https://www.redfin.com/OH/Cleveland/521-E-109th-St-44108/home/70761702,MLSNOW,5122460,N,Y,41.543119,-81.6096757
MLS Listing,,Single Family Residential,3863 W 41st St,Cleveland,OH,44109,91500,4,1.0,J M Poes Allotment,1800,3201,1910,6,51,,Active,,,https://www.redfin.com/OH/Cleveland/3863-W-41st-St-44109/home/70735140,MLSNOW,5142913,N,Y,41.4503721,-81.7129987
MLS Listing,,Multi-Family (2-4 Unit),554 Eddy Rd,Cleveland,OH,44108,120000,4,3.0,Cleveland,2910,4499,1900,6,41,,Active,,,https://www.redfin.com/OH/Cleveland/554-Eddy-Rd-44108/home/70766316,MLSNOW,5142911,N,Y,41.5421028,-81.6014016
MLS Listing,,Condo/Co-op,1444 W 10th St #606,Cleveland,OH,44113,275000,1,1.0,River Bend Condominiums,808,,1984,7,340,401,Active,,,https://www.redfin.com/OH/Cleveland/1444-W-10th-St-44113/unit-606/home/70755784,MLSNOW,5142613,N,Y,41.4971947,-81.7002762
MLS Listing,,Townhouse,1431 Superior Ave,Cleveland,OH,44114,560000,3,4.0,The Avenue,2536,871,2022,7,221,220,Active,,,https://www.redfin.com/OH/Cleveland/1431-Superior-Ave-44114/home/178986779,MLSNOW,5142866,N,Y,41.504856,-81.684052
MLS Listing,,Single Family Residential,3440 W 151 St,Cleveland,OH,44111,214900,3,1.0,Warren Crest,1449,4791,1931,7,148,,Active,,,https://www.redfin.com/OH/Cleveland/3440-W-151st-St-44111/home/66165124,MLSNOW,5142347,N,Y,41.4590985,-81.8027753
MLS Listing,,Multi-Family (2-4 Unit),3310 E 146th St,Cleveland,OH,44120,150000,5,2.0,A C Spears Sub #3,,4599,1920,7,,,Active,,,https://www.redfin.com/OH/Cleveland/3310-E-146th-St-44120/home/70785491,MLSNOW,5142822,N,Y,41.4695314,-81.5801285
MLS Listing,,Multi-Family (2-4 Unit),2198 W 104 St,Cleveland,OH,44102,179900,4,2.0,Cleveland,1846,3833,1900,7,97,,Active,,,https://www.redfin.com/OH/Cleveland/2198-W-104th-St-44102/home/70723664,MLSNOW,5142695,N,Y,41.4715709,-81.7580167
MLS Listing,,Condo/Co-op,1133 W 9th St #505,Cleveland,OH,44113,150000,2,2.0,Water Street Condos,764,,1913,7,196,279,Active,,,https://www.redfin.com/OH/Cleveland/1133-W-9th-St-44113/unit-505/home/70714781,MLSNOW,5140763,N,Y,41.5012339,-81.7020193
MLS Listing,,Condo/Co-op,12591 Larchmere Blvd Unit W-6,Cleveland,OH,44120,399000,2,2.5,Larchmere Court Condos,1500,39,2006,7,266,198,Active,,,https://www.redfin.com/OH/Cleveland/12591-Larchmere-Blvd-44120/unit-W6/home/70715789,MLSNOW,5142571,N,Y,41.4881243,-81.5956733
MLS Listing,,Multi-Family (2-4 Unit),742 Linn Dr,Cleveland,OH,44108,89000,4,2.0,Linn & Issel Add & Resub,2120,3963,1918,7,42,,Active,,,https://www.redfin.com/OH/Cleveland/742-Linn-Dr-44108/home/70762429,MLSNOW,5142332,N,Y,41.5372881,-81.6104705
MLS Listing,,Multi-Family (2-4 Unit),2936 E 128th St,Cleveland,OH,44120,85000,4,2.0,Cleveland,1862,7122,1922,7,46,,Active,,,https://www.redfin.com/OH/Cleveland/2936-E-128th-St-44120/home/70783611,MLSNOW,5142311,N,Y,41.4789447,-81.5936915
MLS Listing,,Single Family Residential,987 E 143rd St,Cleveland,OH,44110,84000,3,1.5,Cowles Brooks & Smyths,1121,5318,1925,7,75,,Active,,,https://www.redfin.com/OH/Cleveland/987-E-143rd-St-44110/home/70771243,MLSNOW,5142537,N,Y,41.5521982,-81.5825935
MLS Listing,,Multi-Family (2-4 Unit),10527 Earle Ave,Cleveland,OH,44108,79999,5,2.0,John W Taylor & Companys Doug,2532,4281,1904,8,32,,Active,,,https://www.redfin.com/OH/Cleveland/10527-Earle-Ave-44108/home/70762368,MLSNOW,5142542,N,Y,41.5331193,-81.6144038
MLS Listing,,Multi-Family (2-4 Unit),1202 E 169th St,Cleveland,OH,44110,134900,3,2.0,A L Moses,1628,4399,1919,8,83,,Active,,,https://www.redfin.com/OH/Cleveland/1202-E-169th-St-44110/home/66571322,MLSNOW,5142225,N,Y,41.5749535,-81.5624604
MLS Listing,,Single Family Residential,2113 W 7th St,Cleveland,OH,44113,415000,3,2.0,Stone,1656,2500,1900,8,251,,Active,,,https://www.redfin.com/OH/Cleveland/2113-W-7th-St-44113/home/66320598,MLSNOW,5142125,N,Y,41.483882,-81.6862068
MLS Listing,,Multi-Family (2-4 Unit),3467 E 145 St,Cleveland,OH,44120,135000,6,2.0,Cleveland,,5662,1924,8,,,Active,,,https://www.redfin.com/OH/Cleveland/3467-E-145th-St-44120/home/66583689,MLSNOW,5142463,N,Y,41.4651617,-81.5807116
MLS Listing,,Multi-Family (2-4 Unit),13705 Earlwood Rd,Cleveland,OH,44110,110000,4,2.0,Glen Haven Heights,,4800,1915,8,,,Active,,,https://www.redfin.com/OH/Cleveland/13705-Earlwood-Rd-44110/home/70767251,MLSNOW,5141891,N,Y,41.5496437,-81.5870775
MLS Listing,,Single Family Residential,9118 Columbia Ave,Cleveland,OH,44108,115000,4,1.5,W J Crawford Randall Crawford,756,3288,1918,8,152,,Active,,,https://www.redfin.com/OH/Cleveland/9118-Columbia-Ave-44108/home/66189821,MLSNOW,5142272,N,Y,41.5312072,-81.6237968
MLS Listing,,Multi-Family (2-4 Unit),4246 E 133rd St,Cleveland,OH,44105,150000,4,2.0,Caine Realty Cos Miles Corlet,2126,5601,1920,8,71,,Active,,,https://www.redfin.com/OH/Cleveland/4246-E-133rd-St-44105/home/70794594,MLSNOW,5142399,N,Y,41.4439943,-81.5903453
MLS Listing,,Multi-Family (2-4 Unit),3712 E 151st St,Cleveland,OH,44120,139900,4,2.0,Shovlk,2462,5318,1927,8,57,,Active,,,https://www.redfin.com/OH/Cleveland/3712-E-151st-St-44120/home/70795947,MLSNOW,5141892,N,Y,41.4584462,-81.575879
MLS Listing,,Single Family Residential,10306 Jasper Rd,Cleveland,OH,44111,119900,3,1.0,Lorenzo Janes,1152,4199,1952,8,104,,Active,,,https://www.redfin.com/OH/Cleveland/10306-Jasper-Rd-44111/home/70740377,MLSNOW,5141833,N,Y,41.4519807,-81.7576591
MLS Listing,,Single Family Residential,1341 W 87th St,Cleveland,OH,44102,249000,3,1.0,Davis & Grombachers,,172497600,1905,8,,,Active,,,https://www.redfin.com/OH/Cleveland/1341-W-87th-St-44102/home/70718906,MLSNOW,5142369,N,Y,41.4820754,-81.7440282
MLS Listing,,Single Family Residential,7919 Beman Ave,Cleveland,OH,44105,89900,2,1.0,Stanley & Adams Sub,910,4530,1926,8,99,,Active,,,https://www.redfin.com/OH/Cleveland/7919-Beman-Ave-44105/home/66155293,MLSNOW,5142337,N,Y,41.443744,-81.6296122
MLS Listing,,Multi-Family (2-4 Unit),13414 Kelso Ave,Cleveland,OH,44110,125000,4,2.0,Bratenahl Allotment,1852,4756,1919,8,67,,Active,,,https://www.redfin.com/OH/Cleveland/13414-Kelso-Ave-44110/home/66587523,MLSNOW,5141286,N,Y,41.5618837,-81.5895529
MLS Listing,,Multi-Family (2-4 Unit),880 Stevenson Rd,Cleveland,OH,44110,149900,6,2.5,St Clair Land Co S,1809,3676,1914,8,83,,Active,,,https://www.redfin.com/OH/Cleveland/880-Stevenson-Rd-44110/home/66567953,MLSNOW,5141901,N,Y,41.555807,-81.5713716
MLS Listing,,Single Family Residential,5717 Franklin Blvd,Cleveland,OH,44102,625000,5,2.5,N C Brewers Resub,2430,15272,1880,8,257,,Active,,,https://www.redfin.com/OH/Cleveland/5717-Franklin-Blvd-44102/home/70721074,MLSNOW,5141020,N,Y,41.482836,-81.7257615
MLS Listing,,Single Family Residential,942 Lakeview Rd,Cleveland,OH,44108,140000,3,1.5,Lakeview Road Allotment,,5401,1997,8,,,Active,,,https://www.redfin.com/OH/Cleveland/942-Lakeview-Rd-44108/home/70764077,MLSNOW,5140905,N,Y,41.5315795,-81.6070651
MLS Listing,,Multi-Family (2-4 Unit),12003 Saywell Ave,Cleveland,OH,44108,110000,5,3.0,C-S Realty Co,2577,5362,1917,8,43,,Active,,,https://www.redfin.com/OH/Cleveland/12003-Saywell-Ave-44108/home/70765723,MLSNOW,5141627,N,Y,41.5301807,-81.6030937
MLS Listing,,Multi-Family (2-4 Unit),505 E 149th St,Cleveland,OH,44110,157000,6,2.0,Lake Shore Blvd Sub/J Lar,2954,4970,1921,8,53,,Active,,,https://www.redfin.com/OH/Cleveland/505-E-149th-St-44110/home/70768521,MLSNOW,5141897,N,Y,41.5689144,-81.5769258
MLS Listing,,Single Family Residential,3761 E 144th St,Cleveland,OH,44120,72000,3,1.0,Greenleaf,2112,4199,1945,8,34,,Active,,,https://www.redfin.com/OH/Cleveland/3761-E-144th-St-44128/home/66146582,MLSNOW,5142122,N,Y,41.4570608,-81.5811568
MLS Listing,,Vacant Land,1615 E 34th St,Cleveland,OH,44114,25000,,,James N Hoyt & Others Allotme,,5279,,8,,,Active,,,https://www.redfin.com/OH/Cleveland/1615-E-34th-St-44114/home/70756364,MLSNOW,5140841,N,Y,41.509948,-81.6646449
MLS Listing,,Single Family Residential,3008 Monroe Ave,Cleveland,OH,44113,648500,4,3.5,Cleveland,1900,2613,2025,8,341,,Active,,,https://www.redfin.com/OH/Cleveland/3008-Monroe-Ave-44113/home/66593541,MLSNOW,5141929,N,Y,41.4799054,-81.7048464
MLS Listing,,Multi-Family (2-4 Unit),3291 E 145th St,Cleveland,OH,44120,99900,8,4.0,Shaker View Allotment,,6651,1920,8,,,Active,,,https://www.redfin.com/OH/Cleveland/3291-E-145th-St-44120/home/70785508,MLSNOW,5137745,N,Y,41.4701188,-81.5806966
MLS Listing,,Single Family Residential,3806 Bosworth Rd,Cleveland,OH,44111,175000,4,2.0,Cleveland,1966,6969,1900,8,89,,Active,,,https://www.redfin.com/OH/Cleveland/3806-Bosworth-Rd-44111/home/70743416,MLSNOW,5142188,N,Y,41.4494511,-81.7616304
MLS Listing,,Multi-Family (2-4 Unit),1926 E 123rd (rear) St,Cleveland,OH,44106,275000,4,2.0,Cleveland,1431,1511,1900,8,192,,Active,,,https://www.redfin.com/OH/Cleveland/1926-E-123rd-St-44106/home/70776593,MLSNOW,5141450,N,Y,41.5107194,-81.5975779
MLS Listing,,Single Family Residential,3320 E 135th St,Cleveland,OH,44120,97000,5,2.0,Kinshts,,4800,1924,9,,,Active,,,https://www.redfin.com/OH/Cleveland/3320-E-135th-St-44120/home/66196200,MLSNOW,5142121,N,Y,41.4686413,-81.5889855
MLS Listing,,Single Family Residential,5418 Orey Ave,Cleveland,OH,44105,109500,4,1.5,C G Barkwill Trustees,,10197,1910,9,,,Active,,,https://www.redfin.com/OH/Cleveland/5418-Orey-Ave-44105/home/66130677,MLSNOW,5139273,N,Y,41.4517851,-81.651173
MLS Listing,,Single Family Residential,4391 E 86th St,East Cleveland,OH,44105,85000,3,1.0,Fish Jewett & Hamiltons,1080,2970,1875,9,79,,Active,,,https://www.redfin.com/OH/Cleveland/4391-E-86th-St-44105/home/66108602,MLSNOW,5141065,N,Y,41.4398853,-81.6249223
MLS Listing,,Multi-Family (2-4 Unit),3544 E 118th St,Cleveland,OH,44105,29900,5,2.0,Union-Rice,1926,4373,1920,9,16,,Active,,,https://www.redfin.com/OH/Cleveland/3544-E-118th-St-44105/home/70791920,MLSNOW,5141620,N,Y,41.4624529,-81.6008821
MLS Listing,,Single Family Residential,3337 E 146th St,Cleveland,OH,44120,94700,3,1.0,Spear,1112,4599,1954,9,85,,Active,,,https://www.redfin.com/OH/Cleveland/3337-E-146th-St-44120/home/70785439,MLSNOW,5137831,N,Y,41.4687528,-81.5796398
MLS Listing,,Single Family Residential,16709 Palda Dr,Cleveland,OH,44128,119900,3,1.0,Lee Miles,,4800,1966,9,,,Active,,,https://www.redfin.com/OH/Cleveland/16709-Palda-Dr-44128/home/70800789,MLSNOW,5142023,N,Y,41.4418567,-81.5623792
MLS Listing,,Single Family Residential,10322 Colonial Ave,Cleveland,OH,44108,84900,4,1.5,Cleveland,,3615,1905,9,,,Active,,,https://www.redfin.com/OH/Cleveland/10322-Colonial-Ave-44108/home/66176047,MLSNOW,5142021,N,Y,41.5406643,-81.616683
MLS Listing,,Single Family Residential,11226 Greenwich Ave,Cleveland,OH,44105,32000,3,1.0,Elworthy Helwick Companys Hm,,5039,1914,9,,,Active,,,https://www.redfin.com/OH/Cleveland/11226-Greenwich-Ave-44105/home/70790785,MLSNOW,5127819,N,Y,41.4556991,-81.6054968
MLS Listing,,Single Family Residential,13514 Bennington Ave,Cleveland,OH,44135,165000,3,2.0,Settlement Road Sub,1131,4599,1952,9,146,,Active,,,https://www.redfin.com/OH/Cleveland/13514-Bennington-Ave-44135/home/66554137,MLSNOW,5141951,N,Y,41.4270106,-81.7855032
MLS Listing,,Condo/Co-op,7417 Battery Park Blvd,Cleveland,OH,44102,299000,2,2.0,Battery Park Twnhms Condo,1307,18539,2009,9,229,401,Active,,,https://www.redfin.com/OH/Cleveland/7417-Battery-Park-Blvd-44102/home/184936651,MLSNOW,5141902,N,Y,41.4858884,-81.7360111
MLS Listing,,Single Family Residential,11717 Milan Ave,Cleveland,OH,44111,137000,3,2.0,Crawford Land Companys 03,1173,3676,1927,9,117,,Active,,,https://www.redfin.com/OH/Cleveland/11717-Milan-Ave-44111/home/66254078,MLSNOW,5128985,N,Y,41.4525104,-81.7697551
MLS Listing,,Single Family Residential,16314 Scottsdale Blvd,Shaker Heights,OH,44120,136000,3,1.5,Rapid Transit Land Cos Shaker,,5418,1925,9,,,Active,,,https://www.redfin.com/OH/Cleveland/16314-Scottsdale-Blvd-44120/home/66318328,MLSNOW,5112391,N,Y,41.4573782,-81.5666315
MLS Listing,,Single Family Residential,4720 Grayton Rd,Cleveland,OH,44135,400000,2,1.0,Rockport,,10502,1958,9,,,Active,,,https://www.redfin.com/OH/Cleveland/4720-Grayton-Rd-44135/home/66255680,MLSNOW,5141524,N,Y,41.428282,-81.8429358
MLS Listing,,Single Family Residential,4710 Grayton Rd,Cleveland,OH,44135,425000,2,1.0,Rockport,1076,10890,1958,9,395,,Active,,,https://www.redfin.com/OH/Cleveland/4710-Grayton-Rd-44135/home/70755789,MLSNOW,5141511,N,Y,41.4285909,-81.8433968
MLS Listing,,Single Family Residential,13406 Ferris Ave,Cleveland,OH,44105,70000,2,1.0,Cleveland,,5601,1920,9,,,Active,,,https://www.redfin.com/OH/Cleveland/13406-Ferris-Ave-44105/home/66192042,MLSNOW,5139808,N,Y,41.4479723,-81.5888431
MLS Listing,,Single Family Residential,11405 Ablewhite Ave,Cleveland,OH,44108,45000,2,2.0,Cleveland,,3114,1922,9,,,Active,,,https://www.redfin.com/OH/Cleveland/11405-Ablewhite-Ave-44108/home/70766620,MLSNOW,5139811,N,Y,41.5477708,-81.6052734
MLS Listing,,Single Family Residential,3218 W 110th St,Cleveland,OH,44111,149900,3,1.0,Conger-Helper Realty Cos Lora,,4800,1925,9,,,Active,,,https://www.redfin.com/OH/Cleveland/3218-W-110th-St-44111/home/70723332,MLSNOW,5141669,N,Y,41.4651018,-81.7629542
MLS Listing,,Vacant Land,3111 E 99th St,Cleveland,OH,44104,9000,,,Cleveland,,4839,,9,,,Active,,,https://www.redfin.com/OH/Cleveland/3111-E-99th-St-44104/home/70782073,MLSNOW,5141730,N,Y,41.4740658,-81.6150742
MLS Listing,,Single Family Residential,3197 W 94th St,Cleveland,OH,44102,85000,3,1.5,Goodman Morison & Andrews Allo,1081,4103,1900,9,79,,Active,,,https://www.redfin.com/OH/Cleveland/3197-W-94th-St-44102/home/66149798,MLSNOW,5139927,N,Y,41.4666612,-81.7475661
MLS Listing,,Single Family Residential,11901 Martin Luther King Jr Dr,Cleveland,OH,44105,105000,3,2.0,Bolivar Bldg Cos College Hill,,5401,1944,10,,,Active,,,https://www.redfin.com/OH/Cleveland/11901-East-Blvd-44105/home/70793562,MLSNOW,5141800,N,Y,41.4501303,-81.5997588
MLS Listing,,Single Family Residential,2835 E 124th St,Cleveland,OH,44120,104900,4,2.0,Brugge Farms,,3998,1920,10,,,Active,,,https://www.redfin.com/OH/Cleveland/2835-E-124th-St-44120/home/66124668,MLSNOW,5141779,N,Y,41.4810808,-81.5966934
MLS Listing,,Multi-Family (2-4 Unit),1516 E 118th St,Cleveland,OH,44106,279000,7,2.0,Wade Park Allotment,2744,5601,1910,10,102,,Active,,,https://www.redfin.com/OH/Cleveland/1516-E-118th-St-44106/home/70776639,MLSNOW,5141759,N,Y,41.5166247,-81.6033372
MLS Listing,,Multi-Family (2-4 Unit),709 E 131st St,Cleveland,OH,44108,139000,5,2.0,Bormot,2231,4281,1924,10,62,,Active,,,https://www.redfin.com/OH/Cleveland/709-E-131st-St-44108/home/70764740,MLSNOW,5141753,N,Y,41.5378211,-81.5915961
MLS Listing,,Single Family Residential,15609 Cloverside Ave,Cleveland,OH,44128,98000,3,1.0,Lee Harvard Square,,5601,1950,10,,,Active,,,https://www.redfin.com/OH/Cleveland/15609-Cloverside-Ave-44128/home/66548879,MLSNOW,5135732,N,Y,41.4489861,-81.571089
MLS Listing,,Single Family Residential,2080 W 45th St,Cleveland,OH,44102,419000,3,2.5,James M Hoyt & Elisha Taylors,1428,5000,1905,10,293,,Active,,,https://www.redfin.com/OH/Cleveland/2080-W-45th-St-44102/home/70725096,MLSNOW,5141453,N,Y,41.4765482,-81.7179396
MLS Listing,,Single Family Residential,2012 Denton Dr,Cleveland Heights,OH,44106,1345000,6,5.5,Cleveland Heights,6225,33824,1910,10,216,,Active,,,https://www.redfin.com/OH/Cleveland/2012-Denton-Dr-44106/home/70998693,MLSNOW,5140367,N,Y,41.4960306,-81.5998733
MLS Listing,,Single Family Residential,3189 E 121st St,Cleveland,OH,44120,65000,3,1.0,Cleveland,,43560,1923,10,,,Active,,,https://www.redfin.com/OH/Cleveland/3189-E-121st-St-44120/home/66495476,MLSNOW,5141717,N,Y,41.4719784,-81.5979176
MLS Listing,,Single Family Residential,17032 Scottsdale Blvd,Shaker Heights,OH,44120,339000,3,2.5,Van Sweringen Companys Sub 21,1701,5201,1948,10,199,,Active,,,https://www.redfin.com/OH/Cleveland/17032-Scottsdale-Blvd-44120/home/71049201,MLSNOW,5141259,N,Y,41.4574022,-81.5601895
MLS Listing,,Condo/Co-op,2079 Random Rd #103,Cleveland,OH,44106,399900,2,2.0,Little Italy,1539,24872,2005,10,260,517,Active,,,https://www.redfin.com/OH/Cleveland/2079-Random-Rd-44106/unit-103/home/66542875,MLSNOW,5141460,N,Y,41.5064462,-81.5996555
MLS Listing,,Multi-Family (2-4 Unit),3905 Brooklyn Ave,Cleveland,OH,44109,169000,4,2.0,Busch,2236,5719,1910,10,76,,Active,,,https://www.redfin.com/OH/Cleveland/3905-Brooklyn-Ave-44109/home/66581414,MLSNOW,5139300,N,Y,41.4371657,-81.7110639
MLS Listing,,Single Family Residential,9919 Raymond Ave,Cleveland,OH,44104,89900,3,1.0,Southern Haven Stone Raymond,1008,3998,1900,10,89,,Active,,,https://www.redfin.com/OH/Cleveland/9919-Raymond-Ave-44104/home/66393476,MLSNOW,5141185,N,Y,41.4664783,-81.6154875
MLS Listing,,Single Family Residential,3532 Carlyle Ave,Cleveland,OH,44109,139000,4,1.5,George E & G L Hartnells Allo,1052,4900,1900,10,132,,Active,,,https://www.redfin.com/OH/Cleveland/3532-Carlyle-Ave-44109/home/66185826,MLSNOW,5141568,N,Y,41.4644814,-81.70777
MLS Listing,,Single Family Residential,3689 Pennington Rd,Shaker Heights,OH,44120,169000,3,2.0,East View,,4939,1940,10,,,Active,,,https://www.redfin.com/OH/Cleveland/3689-Pennington-Rd-44120/home/71048788,MLSNOW,5141517,N,Y,41.4592684,-81.5706916
MLS Listing,,Multi-Family (2-4 Unit),3363 E 102nd St,Cleveland,OH,44104,159000,4,2.0,Gleim,1740,4800,1924,10,91,,Active,,,https://www.redfin.com/OH/Cleveland/3363-E-102nd-St-44104/home/70780276,MLSNOW,5129598,N,Y,41.4670439,-81.6144272
MLS Listing,,Single Family Residential,1406 Larchmont Rd,Cleveland,OH,44110,109900,3,1.0,Stchts,1084,4438,1925,10,101,,Active,,,https://www.redfin.com/OH/Cleveland/1406-Larchmont-Rd-44110/home/66122641,MLSNOW,5140794,N,Y,41.5686188,-81.5530151
MLS Listing,,Single Family Residential,17721 Rookwood Rd,Cleveland,OH,44112,125000,3,1.0,Cleveland,1140,4791,1959,10,110,,Active,,,https://www.redfin.com/OH/Cleveland/17721-Rookwood-Rd-44112/home/70773308,MLSNOW,5139897,N,Y,41.5497412,-81.5508034
MLS Listing,,Townhouse,2242 W 5th St,Cleveland,OH,44113,570000,3,2.5,Literary Bluffs,2501,2439,2006,10,228,,Active,,,https://www.redfin.com/OH/Cleveland/2242-W-5th-St-44113/home/66212216,MLSNOW,5141320,N,Y,41.4827244,-81.6836102
MLS Listing,,Single Family Residential,12604 Beachwood Ave,Cleveland,OH,44105,129900,4,1.0,Kennedy & Christy,,4238,1917,11,,,Active,,,https://www.redfin.com/OH/Cleveland/12604-Beachwood-Ave-44105/home/66462621,MLSNOW,5141433,N,Y,41.4418752,-81.5946966
MLS Listing,,Single Family Residential,4217 E 189th St,Cleveland,OH,44122,159998,3,2.0,Sherwood Acres Resub 03,1140,7148,1957,11,140,,Active,,,https://www.redfin.com/OH/Cleveland/4217-E-189th-St-44122/home/70799466,MLSNOW,5141417,N,Y,41.4444104,-81.5459863
MLS Listing,,Single Family Residential,9907 Gambier Ave,Cleveland,OH,44102,59900,3,1.0,Wellington Realty Cos Resub,1155,3920,1912,11,52,,Active,,,https://www.redfin.com/OH/Cleveland/9907-Gambier-Ave-44102/home/70723942,MLSNOW,5140221,N,Y,41.4713462,-81.752473
MLS Listing,,Condo/Co-op,408 W Saint Clair Ave #605,Cleveland,OH,44113,420000,1,1.0,Grand Arcade Condo,800,34,1920,12,525,500,Active,,,https://www.redfin.com/OH/Cleveland/408-W-Saint-Clair-Ave-44113/unit-605/home/71098650,MLSNOW,5141328,N,Y,41.4997379,-81.6980686
MLS Listing,,Multi-Family (2-4 Unit),4131 Woodbridge Ave,Cleveland,OH,44109,219900,4,2.0,Brooklyn,,4970,1905,12,,,Active,,,https://www.redfin.com/OH/Cleveland/4131-Woodbridge-Ave-44109/home/70736754,MLSNOW,5141311,N,Y,41.460572,-81.7138788
MLS Listing,,Multi-Family (2-4 Unit),1817 Buhrer Ave,Cleveland,OH,44109,235000,4,2.0,Meyer & Curtiss,1936,4878,1900,12,121,,Active,,,https://www.redfin.com/OH/Cleveland/1817-Buhrer-Ave-44109/home/70727480,MLSNOW,5135358,N,Y,41.4675685,-81.6956304
MLS Listing,,Multi-Family (2-4 Unit),3900 W 33rd St,Cleveland,OH,44109,279900,7,3.0,Cleveland,1875,3990,1880,12,149,,Active,,,https://www.redfin.com/OH/Cleveland/3900-W-33rd-St-44109/home/66592155,MLSNOW,5141225,N,Y,41.4488704,-81.7053367
MLS Listing,,Single Family Residential,18031 Larchwood Ave,Cleveland,OH,44135,364900,4,2.5,Barthelman & Smith,1813,9949,1920,12,201,,Active,,,https://www.redfin.com/OH/Cleveland/18031-Larchwood-Ave-44135/home/70752469,MLSNOW,5138234,N,Y,41.4440056,-81.8232361
MLS Listing,,Single Family Residential,7519 Franklin Blvd,Cleveland,OH,44102,375000,4,2.5,Brooklyn,1875,3062,1900,12,200,,Active,,,https://www.redfin.com/OH/Cleveland/7519-Franklin-Blvd-44102/home/70720507,MLSNOW,5140060,N,Y,41.4798701,-81.737417
MLS Listing,,Single Family Residential,2816 E 117th St,Cleveland,OH,44120,59900,4,2.0,Cleveland,1328,4800,1920,12,45,,Active,,,https://www.redfin.com/OH/Cleveland/2816-E-117th-St-44120/home/70783037,MLSNOW,5139805,N,Y,41.4821592,-81.602071
MLS Listing,,Single Family Residential,3641 E 104th St,Cleveland,OH,44105,52900,2,1.0,Union Woodhill Realty Co,,3850,1910,12,,,Active,,,https://www.redfin.com/OH/Cleveland/3641-E-104th-St-44105/home/66107616,MLSNOW,5141237,N,Y,41.4595622,-81.6122567
MLS Listing,,Single Family Residential,3415 E 114th St,Cleveland,OH,44104,90000,4,1.0,Southern & Latimers Hlnd Park A,1378,5248,1913,12,65,,Active,,,https://www.redfin.com/OH/Cleveland/3415-E-114th-St-44104/home/66117862,MLSNOW,5128850,N,Y,41.4658619,-81.6039611
MLS Listing,,Multi-Family (2-4 Unit),3040 E 128th St,Cleveland,OH,44120,99500,2,2.0,Rice Heights Allotment 02,,6124,1924,13,,,Active,,,https://www.redfin.com/OH/Cleveland/3040-E-128th-St-44120/home/70783890,MLSNOW,5140762,N,Y,41.4759653,-81.5936694
MLS Listing,,Single Family Residential,657 E 131st St,Cleveland,OH,44108,50000,3,1.0,Penobscot Ave,1188,5105,1918,13,42,,Active,,,https://www.redfin.com/OH/Cleveland/657-E-131st-St-44108/home/70765007,MLSNOW,5140440,N,Y,41.5391386,-81.5918548
MLS Listing,,Single Family Residential,3261 E 119th St,Cleveland,OH,44120,88500,3,1.0,Crawford Woodhill,,4865,1921,13,,,Active,,,https://www.redfin.com/OH/Cleveland/3261-E-119th-St-44120/home/70784337,MLSNOW,5141198,N,Y,41.4700131,-81.5990101
MLS Listing,,Single Family Residential,5811 Madison Ave,Cleveland,OH,44102,349000,3,2.0,Jm Hoyts Sub,1564,3680,1920,13,223,,Active,,,https://www.redfin.com/OH/Cleveland/5811-Madison-Ave-44102/home/70720814,MLSNOW,5140941,N,Y,41.4770326,-81.726667
MLS Listing,,Condo/Co-op,1133 W 9th St #315,Cleveland,OH,44113,199900,1,1.0,Waterstreet,720,,1913,13,278,295,Active,,,https://www.redfin.com/OH/Cleveland/1133-W-9th-St-44113/unit-315/home/66189584,MLSNOW,5140194,N,Y,41.5012339,-81.7020193
MLS Listing,,Single Family Residential,1131 E 114th St,Cleveland,OH,44108,100000,3,1.0,Knight Richardson & Moores,,3502,1920,13,,,Active,,,https://www.redfin.com/OH/Cleveland/1131-E-114th-St-44108/home/70766232,MLSNOW,5141006,N,Y,41.5267365,-81.6053928
MLS Listing,,Vacant Land,4259 E 162nd St,Cleveland,OH,44128,6500,,,Sorrento Park Sub/J M Boyles,,6250,,13,,,Active,,,https://www.redfin.com/OH/Cleveland/4259-E-162nd-St-44128/home/66385100,MLSNOW,5140879,N,Y,41.443549,-81.5681475
MLS Listing,,Single Family Residential,1405 Plymouth Rd,Cleveland,OH,44109,160000,3,1.0,Creston Park,1161,3998,1942,13,138,,Active,,,https://www.redfin.com/OH/Cleveland/1405-Plymouth-Rd-44109/home/66238833,MLSNOW,5137518,N,Y,41.4385946,-81.6899438
MLS Listing,,Single Family Residential,12008 Continental Ave,Cleveland,OH,44120,100000,3,1.0,Prochaska & Kyselas Rice Aven,1428,5074,1925,13,70,,Active,,,https://www.redfin.com/OH/Cleveland/12008-Continental-Ave-44120/home/70783690,MLSNOW,5136759,N,Y,41.4760238,-81.5988984
MLS Listing,,Townhouse,2108 Freeman Ave,Cleveland,OH,44113,459900,2,2.5,Duck Island,1534,919,2018,13,300,149,Active,,,https://www.redfin.com/OH/Cleveland/2108-Freeman-Ave-44113/home/146235547,MLSNOW,5141085,N,Y,41.483637,-81.7000599
MLS Listing,,Condo/Co-op,1151 Atwood Dr Unit 29-8,Cleveland,OH,44108,99900,3,2.0,Glenville Commons Condo,1606,43,1989,13,62,250,Active,,,https://www.redfin.com/OH/Cleveland/1151-Atwood-Dr-44108/unit-29-8/home/70766171,MLSNOW,5140599,N,Y,41.5261326,-81.6044139
MLS Listing,,Single Family Residential,3267 E 103rd St,Cleveland,OH,44104,115000,3,1.0,Herron,,4678,1936,13,,,Active,,,https://www.redfin.com/OH/Cleveland/3267-E-103rd-St-44104/home/70780288,MLSNOW,5141000,N,Y,41.4697315,-81.6135269
MLS Listing,,Condo/Co-op,701 W Lakeside Ave #606,Cleveland,OH,44113,649900,2,3.0,Pinnacle Condo,1998,,2005,13,325,1199,Active,,,https://www.redfin.com/OH/Cleveland/701-W-Lakeside-Ave-44113/unit-606/home/70714794,MLSNOW,5140909,N,Y,41.5003232,-81.7006936
MLS Listing,,Multi-Family (2-4 Unit),3334 W 82nd St,Cleveland,OH,44102,244900,7,4.0,Seidman,1950,4586,1910,13,126,,Active,,,https://www.redfin.com/OH/Cleveland/3334-W-82nd-St-44102/home/70741061,MLSNOW,5130342,N,Y,41.4629108,-81.7417453
MLS Listing,,Townhouse,1219 W 67th St,Cleveland,OH,44102,524900,2,2.5,Lake Pointe Twnhse Dev,2130,2204,2004,13,246,100,Active,,,https://www.redfin.com/OH/Cleveland/1219-W-67th-St-44102/home/66217953,MLSNOW,5140078,N,Y,41.4886163,-81.7311246
MLS Listing,,Single Family Residential,1875 Woodlawn Ave,Cleveland,OH,44112,49500,3,1.0,Cody,,3323,1910,13,,,Active,,,https://www.redfin.com/OH/Cleveland/1875-Woodlawn-Ave-44112/home/66184065,MLSNOW,5141048,N,Y,41.5159259,-81.5933997
MLS Listing,,Single Family Residential,12104 Revere Ave,Cleveland,OH,44105,50000,2,1.0,Revere Land Co,672,5458,1920,13,74,,Active,,,https://www.redfin.com/OH/Cleveland/12104-Revere-Ave-44105/home/66117175,MLSNOW,5140853,N,Y,41.4544768,-81.5981779
MLS Listing,,Multi-Family (2-4 Unit),3145 Scranton Rd,Cleveland,OH,44109,375000,3,2.5,N Meyers Allotment,2440,4173,1890,13,154,,Active,,,https://www.redfin.com/OH/Cleveland/3145-Scranton-Rd-44109/home/66572849,MLSNOW,5141034,N,Y,41.4686382,-81.6969941
MLS Listing,,Single Family Residential,1314 W 95th St,Cleveland,OH,44102,225000,3,1.0,Shaker Crest,,4800,1893,13,,,Active,,,https://www.redfin.com/OH/Cleveland/1314-W-95th-St-44102/home/66459824,MLSNOW,5140972,N,Y,41.48261,-81.7487478
MLS Listing,,Single Family Residential,1345 W 87th St,Cleveland,OH,44102,199000,3,1.0,Grombacher,,4120,1905,13,,,Active,,,https://www.redfin.com/OH/Cleveland/1345-W-87th-St-44102/home/66131365,MLSNOW,5140998,N,Y,41.4819609,-81.7440578
MLS Listing,,Single Family Residential,1384 W 95th St,Cleveland,OH,44102,210000,3,1.0,Silk,,5928,1910,13,,,Active,,,https://www.redfin.com/OH/Cleveland/1384-W-95th-St-44102/home/66420144,MLSNOW,5140984,N,Y,41.4807019,-81.7487374
MLS Listing,,Single Family Residential,3141 Whitman Ave,Cleveland,OH,44113,385000,3,1.5,Barber & Lord,1472,4748,1900,13,262,,Active,,,https://www.redfin.com/OH/Cleveland/3141-Whitman-Ave-44113/home/70722079,MLSNOW,5140351,N,Y,41.4839773,-81.7111048
MLS Listing,,Single Family Residential,3303 W 123rd St,Cleveland,OH,44111,149000,2,1.0,Lennox Park,,4199,1919,13,,,Active,,,https://www.redfin.com/OH/Cleveland/3303-W-123rd-St-44111/home/70745743,MLSNOW,5141017,N,Y,41.4626514,-81.7744804
MLS Listing,,Single Family Residential,3982 E 74 St,Cleveland,OH,44105,140000,3,1.0,Cleveland,1522,5314,1900,13,92,,Active,,,https://www.redfin.com/OH/Cleveland/3982-E-74th-St-44105/home/70788118,MLSNOW,5140989,N,Y,41.4501012,-81.6371437
MLS Listing,,Single Family Residential,1884 W 47th St,Cleveland,OH,44102,260000,3,1.0,Root,1070,3781,1890,13,243,,Active,,,https://www.redfin.com/OH/Cleveland/1884-W-47th-St-44102/home/70721195,MLSNOW,5137975,N,Y,41.481578,-81.719188
MLS Listing,,Single Family Residential,5244 W 49th St,Parma,OH,44134,229900,3,1.5,Statebrook,1566,5009,1950,13,147,,Active,,,https://www.redfin.com/OH/Cleveland/5244-W-49th-St-44134/home/70877614,MLSNOW,5139062,N,Y,41.4175211,-81.719728
MLS Listing,,Single Family Residential,6909 Kazimier Ave,Cleveland,OH,44105,124900,4,1.0,Krakaw Sub,1200,4408,1890,13,104,,Active,,,https://www.redfin.com/OH/Cleveland/6909-Kazimier-Ave-44105/home/70787778,MLSNOW,5138889,N,Y,41.4411015,-81.6413468
MLS Listing,,Single Family Residential,4468 E 156th St,Cleveland,OH,44128,89000,3,1.0,S H Kleiman Realty Cos Miles,1058,5000,1958,14,84,,Active,,,https://www.redfin.com/OH/Cleveland/4468-E-156th-St-44128/home/66444876,MLSNOW,5140383,N,Y,41.4379337,-81.5720233
MLS Listing,,Single Family Residential,1852 W 47th St,Cleveland,OH,44102,159900,4,1.0,Benedict & Root,1584,3781,1910,14,101,,Active,,,https://www.redfin.com/OH/Cleveland/1852-W-47th-St-44102/home/70721179,MLSNOW,5140839,N,Y,41.4824945,-81.7191186
MLS Listing,,Multi-Family (2-4 Unit),7812 Elton Ave,Cleveland,OH,44102,149999,4,2.0,James M Hoyts Sub/Part/Origin,1604,4408,1890,14,94,,Active,,,https://www.redfin.com/OH/Cleveland/7812-Elton-Ave-44102/home/70724791,MLSNOW,5139618,N,Y,41.4738226,-81.7393796
MLS Listing,,Single Family Residential,12603 Watterson Ave,Cleveland,OH,44105,79900,3,1.0,Frisbie Realty & Investment Co,1356,4552,1927,14,59,,Active,,,https://www.redfin.com/OH/Cleveland/12603-Watterson-Ave-44105/home/70793735,MLSNOW,5140881,N,Y,41.4517523,-81.5945265
MLS Listing,,Single Family Residential,7728 Colgate Ave,Cleveland,OH,44102,210000,4,2.5,Jm Hoyts Allotment,1626,4286,1920,14,129,,Active,,,https://www.redfin.com/OH/Cleveland/7728-Colgate-Ave-44102/home/70724855,MLSNOW,5140855,N,Y,41.4731927,-81.7381902
MLS Listing,,Single Family Residential,8010 Maryland Ave,Cleveland,OH,44105,109900,3,2.0,A G Frisbees Warner Road,,3641,1925,14,,,Active,,,https://www.redfin.com/OH/Cleveland/8010-Maryland-Ave-44105/home/70788786,MLSNOW,5140793,N,Y,41.4395176,-81.6291179
MLS Listing,,Condo/Co-op,1444 W 10th St #405,Cleveland,OH,44113,289900,1,1.0,River Bend Condo,808,,1984,14,359,401,Active,,,https://www.redfin.com/OH/Cleveland/1444-W-10th-St-44113/unit-405/home/70755822,MLSNOW,5128280,N,Y,41.4971947,-81.7002762
MLS Listing,,Single Family Residential,3125 W 14th St,Cleveland,OH,44109,245000,4,1.5,J M Curtiss,2050,5510,1900,14,120,,Active,,,https://www.redfin.com/OH/Cleveland/3125-W-14th-St-44109/home/70727316,MLSNOW,5140656,N,Y,41.4692402,-81.6908351
MLS Listing,,Single Family Residential,12718 Holborn Ave,Cleveland,OH,44105,55000,3,2.5,Cleveland,,6011,1915,14,,,Active,,,https://www.redfin.com/OH/Cleveland/12718-Holborn-Ave-44105/home/66192035,MLSNOW,5140234,N,Y,41.4586203,-81.5935336
MLS Listing,,Single Family Residential,11624 Miles Ave,Cleveland,OH,44105,29900,3,2.0,Bishop Hoyt Allotment,1328,15002,1900,14,23,,Active,,,https://www.redfin.com/OH/Cleveland/11624-Miles-Ave-44105/home/70794366,MLSNOW,5129695,N,Y,41.4450074,-81.6019591
MLS Listing,,Multi-Family (2-4 Unit),2195 E 73rd St,Cleveland,OH,44103,74900,7,2.0,Cleveland,2488,5758,1910,14,30,,Active,,,https://www.redfin.com/OH/Cleveland/2195-E-73rd-St-44103/home/66573865,MLSNOW,5139807,N,Y,41.4989845,-81.6378694
MLS Listing,,Vacant Land,6911 Colgate Ave,Cleveland,OH,44102,14999,,,Cleveland,,1742,,14,,,Active,,,https://www.redfin.com/OH/Cleveland/6911-Colgate-Ave-44102/home/70725069,MLSNOW,5140636,N,Y,41.4745988,-81.7326361
MLS Listing,,Single Family Residential,1495 E Superior Ave #27,Cleveland,OH,44114,695900,3,4.0,Sub Plat/Avenue District Ph,2497,932,2024,14,279,110,Active,,,https://www.redfin.com/OH/Cleveland/1495-Superior-Ave-44114/unit-27/home/179312521,MLSNOW,5140609,N,Y,41.5049588,-81.6832512
MLS Listing,,Single Family Residential,1485 E Superior Ave #25,Cleveland,OH,44114,579900,3,4.0,Sub Plat/Avenue District Ph,2444,932,2023,14,237,110,Active,,,https://www.redfin.com/OH/Cleveland/1485-Superior-Ave-44114/unit-25/home/179319936,MLSNOW,5140621,N,Y,41.5051459,-81.6835073
MLS Listing,,Multi-Family (2-4 Unit),481 E 147th St #2,Cleveland,OH,44110,120000,4,3.0,Euclid 16,,3850,1922,14,,,Active,,,https://www.redfin.com/OH/Cleveland/481-E-147th-St-44110/unit-2/home/196456225,MLSNOW,5140155,N,Y,41.569315,-81.5789432
MLS Listing,,Single Family Residential,12312 Buckingham Ave,Cleveland,OH,44120,145000,5,2.0,Cleveland,,4791,1920,15,,,Active,,,https://www.redfin.com/OH/Cleveland/12312-Buckingham-Ave-44120/home/70782837,MLSNOW,5140517,N,Y,41.4848424,-81.5964895
MLS Listing,,Single Family Residential,9323 Carton Ave,Cleveland,OH,44104,75000,3,1.0,City/Cleveland,1907,3850,1905,15,39,,Active,,,https://www.redfin.com/OH/Cleveland/9323-Carton-Ave-44104/home/70780464,MLSNOW,5135740,N,Y,41.4704907,-81.6205315
MLS Listing,,Multi-Family (2-4 Unit),2801 E 119th St,Cleveland,OH,44120,145950,4,2.0,South Woodland Rice Ave Pro,,4639,1920,15,,,Active,,,https://www.redfin.com/OH/Cleveland/2801-E-119th-St-44120/home/70783060,MLSNOW,5140477,N,Y,41.4824609,-81.5994499
MLS Listing,,Multi-Family (2-4 Unit),2009 Kenneth Ave,Cleveland,OH,44109,184500,4,2.0,Cleveland,1566,4791,1915,15,118,,Active,,,https://www.redfin.com/OH/Cleveland/2009-Kenneth-Ave-44109/home/66200509,MLSNOW,5140183,N,Y,41.4486618,-81.6962983
MLS Listing,,Single Family Residential,3201 Library Ave,Cleveland,OH,44109,174900,5,1.5,Jones Home Sub #2,2120,4299,1900,15,83,,Active,,,https://www.redfin.com/OH/Cleveland/3201-Library-Ave-44109/home/66194457,MLSNOW,5140412,N,Y,41.4578067,-81.7042011
MLS Listing,,Single Family Residential,3615 W 147th St,Cleveland,OH,44111,240000,3,2.0,Vineyard Villas,2129,4399,1929,15,113,,Active,,,https://www.redfin.com/OH/Cleveland/3615-W-147th-St-44111/home/70750474,MLSNOW,5140456,N,Y,41.4545256,-81.7984078
MLS Listing,,Single Family Residential,7505 Elton Ave,Cleveland,OH,44102,90000,3,1.0,James M Hoyts,,4408,1904,15,,,Active,,,https://www.redfin.com/OH/Cleveland/7505-Elton-Ave-44102/home/70724934,MLSNOW,5140012,N,Y,41.4742912,-81.7365495
MLS Listing,,Single Family Residential,17424 Oxford Ave,Cleveland,OH,44111,227500,3,2.0,West Park,,4399,1927,15,,,Active,,,https://www.redfin.com/OH/Cleveland/17424-Oxford-Ave-44111/home/66086580,MLSNOW,5139629,N,Y,41.4526907,-81.8187972
MLS Listing,,Multi-Family (2-4 Unit),737 E 165th St,Cleveland,OH,44110,99900,4,2.0,Cleveland,,4356,1920,15,,,Active,,,https://www.redfin.com/OH/Cleveland/737-E-165th-St-44110/home/70772559,MLSNOW,5140308,N,Y,41.5603866,-81.5648096
MLS Listing,,Single Family Residential,535 E 123rd St,Cleveland,OH,44108,120000,4,1.0,Glenville Allotment/Schatzinge,2160,5201,1900,15,56,,Active,,,https://www.redfin.com/OH/Cleveland/535-E-123rd-St-44108/home/70766485,MLSNOW,5140136,N,Y,41.5425752,-81.5996678
MLS Listing,,Multi-Family (2-4 Unit),2066 W 81st St,Cleveland,OH,44102,250000,5,2.0,Hardy,1890,4373,1875,15,132,,Active,,,https://www.redfin.com/OH/Cleveland/2066-W-81st-St-44102/home/66574620,MLSNOW,5140153,N,Y,41.475274,-81.740931
MLS Listing,,Multi-Family (2-4 Unit),14615 Westropp Ave,Cleveland,OH,44110,105900,6,2.0,Cleveland,2356,7405,1920,16,45,,Active,,,https://www.redfin.com/OH/Cleveland/14615-Westropp-Ave-44110/home/70768540,MLSNOW,5139937,N,Y,41.5686091,-81.5796134
MLS Listing,,Multi-Family (2-4 Unit),3206 W 114th St,Cleveland,OH,44111,114900,6,3.0,Conger Helper Realty Cos Lora,,4508,1926,16,,,Active,,,https://www.redfin.com/OH/Cleveland/3206-W-114th-St-44111/home/70723264,MLSNOW,5140217,N,Y,41.4650729,-81.766018
MLS Listing,,Single Family Residential,15301 Parkgrove Ave,Cleveland,OH,44110,112500,4,1.5,Cleveland,1486,5009,1916,16,76,,Active,,,https://www.redfin.com/OH/Cleveland/15301-Parkgrove-Ave-44110/home/66392220,MLSNOW,5139947,N,Y,41.5752396,-81.5742995
MLS Listing,,Single Family Residential,2406 Tampa Ave,Cleveland,OH,44109,109900,4,1.0,Ingham & H G Renker,1480,4321,1910,16,74,,Active,,,https://www.redfin.com/OH/Cleveland/2406-Tampa-Ave-44109/home/70730809,MLSNOW,5139863,N,Y,41.4327456,-81.6997735
MLS Listing,,Single Family Residential,13904 Highlandview Ave,Cleveland,OH,44135,219500,4,2.0,Cleveland,,5227,1941,16,,,Active,,,https://www.redfin.com/OH/Cleveland/13904-Highlandview-Ave-44135/home/70747536,MLSNOW,5140130,N,Y,41.4410626,-81.7894643
MLS Listing,,Single Family Residential,1816 Cook Ave,Cleveland,OH,44109,179900,5,2.5,August Cook Allotment,1753,7849,1925,16,103,,Active,,,https://www.redfin.com/OH/Cleveland/1816-Cook-Ave-44109/home/70730006,MLSNOW,5140075,N,Y,41.4240774,-81.6935725
MLS Listing,,Townhouse,2269 W 19th St #15,Cleveland,OH,44113,725000,3,3.5,West Nineteen Ph 2,2680,871,2021,16,271,200,Active,,,https://www.redfin.com/OH/Cleveland/2269-W-19th-St-44113/unit-15/home/188049429,MLSNOW,5138063,N,Y,41.4829358,-81.6974432
MLS Listing,,Single Family Residential,1443 W 54th St,Cleveland,OH,44102,425000,5,2.5,Hoyt & Wades Sub,2082,4408,1895,16,204,,Active,,,https://www.redfin.com/OH/Cleveland/1443-W-54th-St-44102/home/66575735,MLSNOW,5139920,N,Y,41.4845235,-81.723447
MLS Listing,,Multi-Family (2-4 Unit),12708 Craven Ave,Cleveland,OH,44105,59900,4,2.0,Cleveland,1644,6098,1938,16,36,,Active,,,https://www.redfin.com/OH/Cleveland/12708-Craven-Ave-44105/home/70792414,MLSNOW,5139972,N,Y,41.4595353,-81.5938211
MLS Listing,,Single Family Residential,3836 W 157th St,Cleveland,OH,44111,219900,3,1.0,Westldhts,1359,6751,1922,16,162,,Active,,,https://www.redfin.com/OH/Cleveland/3836-W-157th-St-44111/home/70752216,MLSNOW,5139936,N,Y,41.450548,-81.8078408
MLS Listing,,Single Family Residential,7212 Wade Park Ave,Cleveland,OH,44103,70000,3,1.0,Cleveland,1520,1785,1979,16,46,,Active,,,https://www.redfin.com/OH/Cleveland/7212-Wade-Park-Ave-44103/home/70759275,MLSNOW,5139768,N,Y,41.5155607,-81.6387095
MLS Listing,,Single Family Residential,10914 Fidelity Ave,Cleveland,OH,44111,269900,3,1.5,Cleveland,1683,5183,1918,16,160,,Active,,,https://www.redfin.com/OH/Cleveland/10914-Fidelity-Ave-44111/home/70741575,MLSNOW,5124704,N,Y,41.4615472,-81.7623655
MLS Listing,,Multi-Family (2-4 Unit),841 Whitcomb Rd,Cleveland,OH,44110,118000,4,2.0,Ruple Heirs,1547,5998,1914,16,76,,Active,,,https://www.redfin.com/OH/Cleveland/841-Whitcomb-Rd-44110/home/70771760,MLSNOW,5139886,N,Y,41.5574665,-81.567462
MLS Listing,,Single Family Residential,1140 E 113th St,Cleveland,OH,44108,69000,3,1.0,Knight Richardson & Moores Al,1518,3850,1912,16,45,,Active,,,https://www.redfin.com/OH/Cleveland/1140-E-113th-St-44108/home/70764159,MLSNOW,5139777,N,Y,41.5267614,-81.6067155
MLS Listing,,Multi-Family (2-4 Unit),2101 Broadview Rd,Cleveland,OH,44109,213000,5,2.0,Brooklyn Heights,,5201,1913,17,,,Active,,,https://www.redfin.com/OH/Cleveland/2101-Broadview-Rd-44109/home/70736175,MLSNOW,5139853,N,Y,41.4366768,-81.6987201
MLS Listing,,Single Family Residential,1510 E 174th St,Cleveland,OH,44110,99900,3,1.0,Home Owners Allotment/Elworthy,1584,4791,1920,17,63,,Active,,,https://www.redfin.com/OH/Cleveland/1510-E-174th-St-44110/home/70772515,MLSNOW,5139804,N,Y,41.5638749,-81.5564826
MLS Listing,,Multi-Family (2-4 Unit),7501 Brinsmade Ave,Cleveland,OH,44102,229000,4,2.0,Merwm Haver,2051,5118,1915,17,112,,Active,,,https://www.redfin.com/OH/Cleveland/7501-Brinsmade-Ave-44102/home/70725560,MLSNOW,5139785,N,Y,41.4670168,-81.738182
MLS Listing,,Multi-Family (2-4 Unit),1000 Eddy Rd,Cleveland,OH,44108,175000,6,2.0,Adams Realty Companys Sub,2702,4560,1918,17,65,,Active,,,https://www.redfin.com/OH/Cleveland/1000-Eddy-Rd-44108/home/70764889,MLSNOW,5139502,N,Y,41.5307735,-81.5954247
MLS Listing,,Multi-Family (2-4 Unit),6202 Heisley Ave,Cleveland,OH,44105,89900,8,4.0,Cleveland,3575,5601,1900,17,25,,Active,,,https://www.redfin.com/OH/Cleveland/6202-Heisley-Ave-44105/home/70786517,MLSNOW,5138897,N,Y,41.4601563,-81.6466968
MLS Listing,,Single Family Residential,3413 E 72nd St,Cleveland,OH,44127,59900,2,2.0,Morgan,,3149,1910,17,,,Active,,,https://www.redfin.com/OH/Cleveland/3413-E-72nd-St-44127/home/66204659,MLSNOW,5139518,N,Y,41.4658898,-81.6375091
MLS Listing,,Multi-Family (2-4 Unit),6057 Hillman Ave,Cleveland,OH,44127,87900,6,3.0,Cleveland,2188,4791,1900,17,40,,Active,,,https://www.redfin.com/OH/Cleveland/6057-Hillman-Ave-44127/home/66577435,MLSNOW,5139024,N,Y,41.4657816,-81.646835
MLS Listing,,Single Family Residential,12330 Forest Grove Ave,Cleveland,OH,44108,80000,3,1.5,Bungalow Park Allotment,1179,7771,1917,18,68,,Active,,,https://www.redfin.com/OH/Cleveland/12330-Forest-Grove-Ave-44108/home/70766074,MLSNOW,5138480,N,Y,41.5290247,-81.6006462
MLS Listing,,Single Family Residential,2916 E 118th St,Cleveland,OH,44120,89000,3,2.0,Rice Homestead Allotment,1344,3641,1915,18,66,,Active,,,https://www.redfin.com/OH/Cleveland/2916-E-118th-St-44120/home/66186458,MLSNOW,5128923,N,Y,41.4795894,-81.6011814
MLS Listing,,Single Family Residential,12030 Bennington Ave,Cleveland,OH,44135,199900,3,2.0,Homesite Allotment 02,960,4761,1960,18,208,,Active,,,https://www.redfin.com/OH/Cleveland/12030-Bennington-Ave-44135/home/70744865,MLSNOW,5139418,N,Y,41.4268915,-81.7727311
MLS Listing,,Single Family Residential,9222 Columbia Ave,Cleveland,OH,44108,135900,4,2.0,W J Randall & W J Jrs Crawfor,1670,3288,1918,19,81,,Active,,,https://www.redfin.com/OH/Cleveland/9222-Columbia-Ave-44108/home/70762889,MLSNOW,5139392,N,Y,41.5312048,-81.6227667
MLS Listing,,Single Family Residential,4464 W 145th St,Cleveland,OH,44135,150000,3,1.0,Puritas,1377,5458,1952,19,109,,Active,,,https://www.redfin.com/OH/Cleveland/4464-W-145th-St-44135/home/66093250,MLSNOW,5139381,N,Y,41.4329483,-81.7963105
MLS Listing,,Multi-Family (2-4 Unit),13519 Ashburton Ave,Cleveland,OH,44110,149250,5,3.0,Glenhaven,2626,4800,1916,19,57,,Active,,,https://www.redfin.com/OH/Cleveland/13519-Ashburton-Ave-44110/home/70767215,MLSNOW,5139377,N,Y,41.5482772,-81.5883
MLS Listing,,Single Family Residential,2028 N Green Rd,Cleveland,OH,44121,59000,3,1.0,Green-Belvoir Hsng Corp Resub,977,8049,1949,19,60,,Active,,,https://www.redfin.com/OH/Cleveland/2028-Green-Rd-44121/home/70773673,MLSNOW,5139214,N,Y,41.55071,-81.547174
MLS Listing,,Single Family Residential,499 E 124 St,Cleveland,OH,44108,65000,3,2.0,Cleveland,1496,5227,1914,19,43,,Active,,,https://www.redfin.com/OH/Cleveland/499-E-124th-St-44108/home/70766858,MLSNOW,5139353,N,Y,41.5436646,-81.5985827
MLS Listing,,Single Family Residential,3645 W 139th St,Cleveland,OH,44111,259900,3,2.5,Great Western,,5601,1918,19,,,Active,August-3-2025 11:00 AM,August-3-2025 01:00 PM,https://www.redfin.com/OH/Cleveland/3645-W-139th-St-44111/home/70746129,MLSNOW,5139118,N,Y,41.4535853,-81.7887654
MLS Listing,,Single Family Residential,3255 W 115th St,Cleveland,OH,44111,169900,4,1.5,Lorain Heights 02,1547,4399,1922,20,110,,Active,,,https://www.redfin.com/OH/Cleveland/3255-W-115th-St-44111/home/70723596,MLSNOW,5139260,N,Y,41.463741,-81.7664558
MLS Listing,,Single Family Residential,18950 Rockcliff Dr,Rocky River,OH,44116,739000,5,3.0,Stein-Kenney Allotment Sec 17,3000,8712,1951,20,246,,Active,,,https://www.redfin.com/OH/Rocky-River/18950-Rockcliff-Dr-44116/home/70827323,MLSNOW,5139108,N,Y,41.470992,-81.8323993
MLS Listing,,Single Family Residential,911 Starkweather Ave,Cleveland,OH,44113,334900,4,3.0,H Hadlows Allotment,1621,3898,1910,20,207,,Active,August-1-2025 05:00 PM,August-1-2025 07:00 PM,https://www.redfin.com/OH/Cleveland/911-Starkweather-Ave-44113/home/70722995,MLSNOW,5138851,N,Y,41.4772331,-81.6864203
MLS Listing,,Multi-Family (2-4 Unit),930 Evangeline Rd,Cleveland,OH,44110,145000,5,3.0,St Clair Land Co S,,4199,1915,20,,,Active,,,https://www.redfin.com/OH/Cleveland/930-Evangeline-Rd-44110/home/66588610,MLSNOW,5138935,N,Y,41.5544635,-81.5708894
MLS Listing,,Single Family Residential,1784 W 48th St,Cleveland,OH,44102,870000,3,2.5,Baldwin,2225,3720,1910,20,391,,Active,,,https://www.redfin.com/OH/Cleveland/1784-W-48th-St-44102/home/70721290,MLSNOW,5138106,N,Y,41.4838692,-81.7202875
MLS Listing,,Single Family Residential,2868 E 72nd St,Cleveland,OH,44104,104000,3,1.0,Fairbanks,,1838,1900,20,,,Active,,,https://www.redfin.com/OH/Cleveland/2868-E-72nd-St-44104/home/70778399,MLSNOW,5138841,N,Y,41.4806427,-81.6384709
MLS Listing,,Single Family Residential,17209 Palda Dr,Cleveland,OH,44128,120000,3,1.0,Lee Miles,,8276,1954,20,,,Active,,,https://www.redfin.com/OH/Cleveland/17209-Palda-Dr-44128/home/66464525,MLSNOW,5139091,N,Y,41.4417418,-81.5593855
MLS Listing,,Single Family Residential,3617 W 147th St,Cleveland,OH,44111,229500,3,2.0,Vineyard Villas,,4639,1924,20,,,Active,,,https://www.redfin.com/OH/Cleveland/3617-W-147th-St-44111/home/66274935,MLSNOW,5138469,N,Y,41.454404,-81.7984137
MLS Listing,,Multi-Family (2-4 Unit),3187 W 44th St,Cleveland,OH,44109,250000,6,2.0,Cleveland,2058,5279,1895,20,121,,Active,,,https://www.redfin.com/OH/Cleveland/3187-W-44th-St-44109/home/66581394,MLSNOW,5139021,N,Y,41.4671361,-81.7162336
MLS Listing,,Single Family Residential,3665 E 103rd St,Cleveland,OH,44105,60000,2,1.0,Union Woodhill,,3149,1913,20,,,Active,,,https://www.redfin.com/OH/Cleveland/3665-E-103rd-St-44105/home/66133135,MLSNOW,5119418,N,Y,41.4587656,-81.613067
MLS Listing,,Single Family Residential,4611 W 158th St,Cleveland,OH,44135,229900,3,1.5,Lyndhurst,1576,8258,1953,20,146,,Active,,,https://www.redfin.com/OH/Cleveland/4611-W-158th-St-44135/home/66145718,MLSNOW,5139122,N,Y,41.4293505,-81.8085543
MLS Listing,,Vacant Land,3411 Hancock Ave,Cleveland,OH,44113,150000,,,Barber & Lord,,4159,,20,,,Active,,,https://www.redfin.com/OH/Cleveland/3411-Hancock-Ave-44113/home/66573258,MLSNOW,5139101,N,Y,41.4786221,-81.7090362
MLS Listing,,Multi-Family (2-4 Unit),3006 E 130th St,Cleveland,OH,44120,130000,4,2.0,Rice Heights Allotment 02,1656,7000,1917,20,79,,Active,,,https://www.redfin.com/OH/Cleveland/3006-E-130th-St-44120/home/70783819,MLSNOW,5138569,N,Y,41.4770034,-81.5922349
MLS Listing,,Single Family Residential,3380 W 100th St,Cleveland,OH,44111,264900,3,2.0,Hill Crest,1542,5140,1920,20,172,,Active,,,https://www.redfin.com/OH/Cleveland/3380-W-100th-St-44111/home/70740039,MLSNOW,5139000,N,Y,41.4613827,-81.7535915
MLS Listing,,Single Family Residential,4031 Suffolk Rd,South Euclid,OH,44121,215000,3,1.5,South Euclid,,9857,1959,20,,,Active,,,https://www.redfin.com/OH/Cleveland/4031-Suffolk-Rd-44121/home/71009286,MLSNOW,5139010,N,Y,41.5441727,-81.5352188
MLS Listing,,Multi-Family (2-4 Unit),699 E 156th St,Cleveland,OH,44110,105000,4,2.0,W G Rosa,1894,13499,1900,20,55,,Active,,,https://www.redfin.com/OH/Cleveland/699-E-156th-St-44110/home/66569392,MLSNOW,5138579,N,Y,41.5617467,-81.5721079
MLS Listing,,Townhouse,2209 W 33rd St,Cleveland,OH,44113,480000,3,2.5,Cleveland,1580,1132,2023,20,304,,Active,,,https://www.redfin.com/OH/Cleveland/2209-W-33rd-St-44113/home/185885299,MLSNOW,5135907,N,Y,41.479097,-81.707799
MLS Listing,,Single Family Residential,1617 Catalpa Rd,Cleveland,OH,44112,25000,2,1.0,Paul Murphys Resub,984,7013,1942,20,25,,Active,,,https://www.redfin.com/OH/Cleveland/1617-Catalpa-Rd-44112/home/70772983,MLSNOW,5138934,N,Y,41.5609689,-81.5544066
MLS Listing,,Townhouse,4072 Cedar Ave,Cleveland,OH,44103,140000,3,2.0,Gateway Townhouses,1805,827,2005,21,78,140,Active,,,https://www.redfin.com/OH/Cleveland/4072-Cedar-Ave-44103/home/70714141,MLSNOW,5138927,N,Y,41.4997966,-81.6566587
MLS Listing,,Multi-Family (2-4 Unit),3612 Daisy Ave,Cleveland,OH,44109,255000,6,3.5,Kroehle,,5732,1905,21,,,Active,,,https://www.redfin.com/OH/Cleveland/3612-Daisy-Ave-44109/home/66597794,MLSNOW,5137948,N,Y,41.4591597,-81.70864
MLS Listing,,Single Family Residential,4122 W 145th St,Cleveland,OH,44135,159900,3,1.0,West 143rd Street 01,,5998,1951,21,,,Active,,,https://www.redfin.com/OH/Cleveland/4122-W-145th-St-44135/home/70755135,MLSNOW,5138915,N,Y,41.4421192,-81.7962817
MLS Listing,,Single Family Residential,2841 E 91st St,Cleveland,OH,44104,120000,4,1.0,Winslow & Sharp,,4338,1900,21,,,Active,,,https://www.redfin.com/OH/Cleveland/2841-E-91st-St-44104/home/70779888,MLSNOW,5138963,N,Y,41.4814739,-81.6244405
MLS Listing,,Multi-Family (2-4 Unit),3094 E 65th St,Cleveland,OH,44127,175000,4,2.0,William Wattermans & H Porter,2430,8598,1910,21,72,,Active,,,https://www.redfin.com/OH/Cleveland/3094-E-65th-St-44127/home/66576389,MLSNOW,5138518,N,Y,41.4743223,-81.6455425
MLS Listing,,Single Family Residential,13817 Lakewood Heights Blvd,Lakewood,OH,44107,574500,3,2.5,Lakewood,2950,5401,1994,21,195,,Active,,,https://www.redfin.com/OH/Lakewood/13817-Lakewood-Heights-Blvd-44107/home/70745397,MLSNOW,5138937,N,Y,41.4701997,-81.7880888
MLS Listing,,Single Family Residential,17631 Milburn Ave,Cleveland,OH,44135,279900,4,1.5,Breen,1476,5401,1940,21,190,,Active,August-1-2025 03:00 PM,August-1-2025 05:00 PM,https://www.redfin.com/OH/Cleveland/17631-Milburn-Ave-44135/home/70754520,MLSNOW,5131221,N,Y,41.4358674,-81.8205229
MLS Listing,,Multi-Family (2-4 Unit),1411 E 47th St,Cleveland,OH,44103,156000,4,2.0,Cleveland,1008,4351,1910,21,155,,Active,,,https://www.redfin.com/OH/Cleveland/1411-E-47th-St-44103/home/70756988,MLSNOW,5138892,N,Y,41.5170899,-81.6583208
MLS Listing,,Single Family Residential,10523 Helena Ave,Cleveland,OH,44108,80000,3,1.0,Cleveland Realty Co,,3323,1904,21,,,Active,,,https://www.redfin.com/OH/Cleveland/10523-Helena-Ave-44108/home/70762247,MLSNOW,5138840,N,Y,41.5382145,-81.6145453
MLS Listing,,Multi-Family (2-4 Unit),13410 Ferris Ave,Cleveland,OH,44105,138000,4,2.0,Ford,2014,5601,1920,21,69,,Active,,,https://www.redfin.com/OH/Cleveland/13410-Ferris-Ave-44105/home/70794183,MLSNOW,5138861,N,Y,41.4479625,-81.5887168
MLS Listing,,Single Family Residential,6500 Plainfield Ave,Cleveland,OH,44144,170000,3,2.0,Ridgeview Manor,1238,5000,1939,21,137,,Active,,,https://www.redfin.com/OH/Cleveland/6500-Plainfield-Ave-44144/home/70733712,MLSNOW,5138254,N,Y,41.4427146,-81.731929
MLS Listing,,Single Family Residential,4369 Glenview Rd,Warrensville Heights,OH,44128,125000,3,1.0,Warrensville Heights,1087,5227,1942,21,115,,Active,,,https://www.redfin.com/OH/Cleveland/4369-Glenview-Rd-44128/home/71061289,MLSNOW,5138790,N,Y,41.4413307,-81.5522959
MLS Listing,,Single Family Residential,3038 E 130th St,Cleveland,OH,44120,115000,3,1.5,L H Wain Land Cos Rice Heights Al,1544,7000,1923,21,74,,Active,,,https://www.redfin.com/OH/Cleveland/3038-E-130th-St-44120/home/66198052,MLSNOW,5138589,N,Y,41.4761334,-81.5921704
MLS Listing,,Condo/Co-op,11433 Ashbury Ave #8,Cleveland,OH,44106,120000,2,1.0,University View Condos,,14997,1911,21,,399,Active,,,https://www.redfin.com/OH/Cleveland/11433-Ashbury-Ave-44106/unit-8/home/70714834,MLSNOW,5138795,N,Y,41.5173331,-81.6049422
MLS Listing,,Condo/Co-op,2222 Detroit Ave #1119,Cleveland,OH,44113,325000,1,2.0,Condominiums/Stonebridge Ph #1,1458,21257,2005,21,223,509,Active,,,https://www.redfin.com/OH/Cleveland/2222-Detroit-Ave-44113/unit-1119/home/70713109,MLSNOW,5127586,N,Y,41.4929279,-81.7057399
MLS Listing,,Single Family Residential,3624 E 154th St,Cleveland,OH,44120,119900,5,1.5,Shaker Overlook Land Company's,2042,5967,1928,21,59,,Active,,,https://www.redfin.com/OH/Cleveland/3624-E-154th-St-44120/home/66229916,MLSNOW,5138748,N,Y,41.46088,-81.5734375
MLS Listing,,Multi-Family (2-4 Unit),1774 Urbana Rd,Cleveland,OH,44112,115000,4,2.0,Price & Kennedys,1780,4499,1920,21,65,,Active,,,https://www.redfin.com/OH/Cleveland/1774-Urbana-Rd-44112/home/66593992,MLSNOW,5138624,N,Y,41.548968,-81.5633445
MLS Listing,,Single Family Residential,18830 Monterey Ave,Euclid,OH,44119,139900,3,1.0,Renwood,,4761,1920,21,,,Active,,,https://www.redfin.com/OH/Cleveland/18830-Monterey-Ave-44119/home/70941123,MLSNOW,5138628,N,Y,41.5907097,-81.547813
MLS Listing,,Single Family Residential,4275 W 21st St,Cleveland,OH,44109,170000,3,2.0,West 21st Street,,4399,1900,21,,,Active,,,https://www.redfin.com/OH/Cleveland/4275-W-21st-St-44109/home/66461335,MLSNOW,5126066,N,Y,41.4393429,-81.697896
MLS Listing,,Multi-Family (2-4 Unit),3107 Walton,Cleveland,OH,44113,164000,5,2.0,Hiram Stone's Add,2351,4791,1895,21,70,,Active,,,https://www.redfin.com/OH/Cleveland/3107-Walton-Ave-44113/home/66571542,MLSNOW,5138695,N,Y,41.47082,-81.7035375
MLS Listing,,Condo/Co-op,17639 Wildwood Ln,Cleveland,OH,44119,199000,2,2.5,Waters Edge Condo Ph V,,13229,2001,21,,350,Active,,,https://www.redfin.com/OH/Cleveland/17639-Wildwood-Ln-44119/home/186337042,MLSNOW,5138558,N,Y,41.582879,-81.558276
MLS Listing,,Multi-Family (2-4 Unit),626 E 130th St,Cleveland,OH,44108,125000,5,2.0,Penobscot Realty Cos Penobsco,2628,4996,1921,21,48,,Active,,,https://www.redfin.com/OH/Cleveland/626-E-130th-St-44108/home/66187369,MLSNOW,5138633,N,Y,41.5399669,-81.5934863
MLS Listing,,Multi-Family (2-4 Unit),6330 Carl Ave,Cleveland,OH,44103,89900,8,4.0,Gustave A Heckers,3828,5519,1895,21,23,,Active,,,https://www.redfin.com/OH/Cleveland/6330-Carl-Ave-44103/home/70758037,MLSNOW,5136319,N,Y,41.5220205,-81.6439872
MLS Listing,,Multi-Family (2-4 Unit),10411 Jasper Rd,Cleveland,OH,44111,119999,3,2.0,Cowin,,9456,1917,21,,,Active,,,https://www.redfin.com/OH/Cleveland/10411-Jasper-Rd-44111/home/66576828,MLSNOW,5130750,N,Y,41.4513927,-81.7587259
MLS Listing,,Single Family Residential,4704 Morningside Dr,Cleveland,OH,44109,239900,3,1.5,South Hills Dev 05,1498,5641,1940,21,160,,Active,,,https://www.redfin.com/OH/Cleveland/4704-Morningside-Dr-44109/home/66219889,MLSNOW,5138187,N,Y,41.4284182,-81.6901589
MLS Listing,,Multi-Family (2-4 Unit),17714 Grovewood Ave,Cleveland,OH,44119,124500,4,2.0,Beverly Park,,5401,1924,22,,,Active,,,https://www.redfin.com/OH/Cleveland/17714-Grovewood-Ave-44119/home/66598172,MLSNOW,5137199,N,Y,41.5756415,-81.5559938
MLS Listing,,Multi-Family (2-4 Unit),805 Rudyard Rd,Cleveland,OH,44110,113000,4,3.0,St Clair-London Road,2100,3441,1914,22,54,,Active,,,https://www.redfin.com/OH/Cleveland/805-Rudyard-Rd-44110/home/66568526,MLSNOW,5138557,N,Y,41.558456,-81.567085
MLS Listing,,Single Family Residential,17319 Invermere Ave,Cleveland,OH,44128,249000,3,1.5,Sh Kleinman Realty Companys S,1529,5201,1948,22,163,,Active,,,https://www.redfin.com/OH/Cleveland/17319-Invermere-Ave-44128/home/70797429,MLSNOW,5138545,N,Y,41.4569903,-81.5582019
MLS Listing,,Single Family Residential,7410 Brinsmade Ave,Cleveland,OH,44102,111000,3,1.5,Znich,,4560,1900,22,,,Active,,,https://www.redfin.com/OH/Cleveland/7410-Brinsmade-Ave-44102/home/66108950,MLSNOW,5138127,N,Y,41.467378,-81.73805
MLS Listing,,Single Family Residential,3952 E 74th St,Cleveland,OH,44105,97500,3,1.0,Burke Worley & Webster Sub,,4900,1910,22,,,Active,,,https://www.redfin.com/OH/Cleveland/3952-E-74th-St-44105/home/70788059,MLSNOW,5138497,N,Y,41.4508958,-81.6371735
MLS Listing,,Vacant Land,1854 W 58th St,Cleveland,OH,44102,69500,,,Sommers & Wimtertons,,3994,,22,,,Active,,,https://www.redfin.com/OH/Cleveland/1854-W-58th-St-44102/home/66479671,MLSNOW,5138484,N,Y,41.481125,-81.726649
MLS Listing,,Single Family Residential,1002 Wheelock Rd,Cleveland,OH,44103,155000,4,1.5,Zenas Kings,,3998,2003,22,,,Active,,,https://www.redfin.com/OH/Cleveland/1002-Wheelock-Rd-44103/home/70759807,MLSNOW,5138451,N,Y,41.5279128,-81.6294853
MLS Listing,,Vacant Land,W 30th St,Cleveland,OH,44113,99000,,,Barber & Lord,,2417,,22,,,Active,,,https://www.redfin.com/OH/Cleveland/W-30th-St-44113/home/70726271,MLSNOW,5138397,N,Y,41.479912,-81.705339
MLS Listing,,Condo/Co-op,5711 Bridge Ave,Cleveland,OH,44102,389900,2,2.5,Waveriy Station Sub Ph 3,1825,997,2014,22,214,100,Active,,,https://www.redfin.com/OH/Cleveland/5711-Bridge-Ave-44102/home/66324144,MLSNOW,5138321,N,Y,41.480485,-81.725786
MLS Listing,,Single Family Residential,11717 Lena Ave,Cleveland,OH,44135,169900,3,1.0,Clark Manchester,1152,5758,1920,22,147,,Active,,,https://www.redfin.com/OH/Cleveland/11717-Lena-Ave-44135/home/70744781,MLSNOW,5138330,N,Y,41.4323731,-81.7700141
MLS Listing,,Single Family Residential,3519 W 46th St,Cleveland,OH,44109,120000,3,1.0,Cleveland,912,5532,1890,22,132,,Active,,,https://www.redfin.com/OH/Cleveland/3519-W-46th-St-44109/home/192252254,MLSNOW,5137497,N,Y,41.4585152,-81.7180763
MLS Listing,,Single Family Residential,2201 E 86th St,Cleveland,OH,44106,399900,6,2.5,W J Marsh Trustee,1728,3253,1905,22,231,,Active,,,https://www.redfin.com/OH/Cleveland/2201-E-86th-St-44106/home/70775694,MLSNOW,5121409,N,Y,41.498314,-81.6267512
MLS Listing,,Multi-Family (2-4 Unit),1878 Colonnade Rd,Cleveland,OH,44112,62900,5,3.0,Berwald-Steward Cos Colonial,,6760,1925,22,,,Active,,,https://www.redfin.com/OH/Cleveland/1878-Colonnade-Rd-44112/home/70772929,MLSNOW,5138203,N,Y,41.5456742,-81.5625777
MLS Listing,,Single Family Residential,3670 E 138th St,Cleveland,OH,44120,115000,4,2.5,Pleasant View,1777,5998,1926,22,65,,Active,,,https://www.redfin.com/OH/Cleveland/3670-E-138th-St-44120/home/70792653,MLSNOW,5137419,N,Y,41.4591123,-81.5875444
MLS Listing,,Single Family Residential,5252 W 45th St,Parma,OH,44134,179000,3,1.0,State Brook,1092,5000,1949,22,164,,Active,,,https://www.redfin.com/OH/Cleveland/5252-W-45th-St-44134/home/66556355,MLSNOW,5137352,N,Y,41.4173383,-81.716479
MLS Listing,,Single Family Residential,6215 Merkle Ave,Parma,OH,44129,179000,3,1.0,Brookpark,1053,5362,1931,22,170,,Active,,,https://www.redfin.com/OH/Cleveland/6215-Merkle-Ave-44129/home/66133698,MLSNOW,5137749,N,Y,41.4175805,-81.7281919
MLS Listing,,Single Family Residential,5256 W 52nd St,Parma,OH,44134,179000,3,2.0,State Brook,1326,5000,1953,22,135,,Active,,,https://www.redfin.com/OH/Cleveland/5256-W-52nd-St-44134/home/66379390,MLSNOW,5137762,N,Y,41.4171583,-81.7218955
